Feature_1,Feature_2,Feature_3,Feature_4,Feature_5,Class
-1.0119193580804136,-0.17090091694259246,-0.30299335679438494,0.2857150160408117,0.0028597019329352014,0
0.4128058399880766,-0.3547026167890783,-1.628493210856842,0.06716832517098188,-1.5088034344859729,0
1.3021141651864503,-0.46735445321867936,-0.30619178100864247,-1.4026016299466308,-0.544950884127998,0
-1.5279069510309025,0.47638592117336975,-0.8377400219832922,0.11861997306279219,-1.065842640670127,0
2.3460092253797913,-0.7087113227271474,0.84740063278328,-0.03602043659941047,-1.8749028358101698,0
0.18385391611972873,1.2260044971175037,1.0796576380684177,0.3005760893470471,-1.7940588608418013,0
0.05568323200903881,-0.044902547305966954,1.2970092377269318,-0.08099437224341771,0.40289418473148,0
-0.671432064622915,-0.001389064548796908,-1.3027422280011398,1.1265837073572713,-0.36201526293557956,0
-1.6600341200655673,0.9900965047476671,0.20325186880548907,-0.3976793185903707,-0.4133926168134249,0
-0.8837311831672257,-2.6802905313922727,0.48377107960065574,1.110005008503548,0.7428690371150646,0
0.6512178344100791,-1.3230069531632105,0.24970046991576336,-0.25261085340134787,0.7080131830648639,0
0.34156022906296746,-0.6590221813039433,-0.22165381750492075,-0.25120064149130333,-1.4601963661359483,0
-0.4952137741922796,0.02128335620047353,0.17291776892618244,0.9114454062926037,1.1409091373920721,0
-0.17027619141009603,1.234354972841493,0.8366297112465195,-0.13606063799975623,-0.12021277033270857,0
-0.4321048484614735,-1.0659456996313315,0.17837907937267414,0.7112200996826982,0.7381314058863361,0
0.5379514582897191,-0.4923736395741461,-0.31560511157748744,0.25028540437179003,0.13469336081717145,0
1.7357236363311053,-1.8549126242403093,0.26532830069318064,0.0018861025663682504,0.30758654395366564,0
-1.5293168966195805,-0.3348407461504057,-1.9740265778353572,-0.2516961355073167,-1.9711087652756825,0
-0.20630232099095103,-0.36098279813029027,-0.14619419013056278,0.2901002436964461,-0.7046767809483697,0
0.838917028425417,-0.3641676467343959,0.7956019008051678,1.781723021772393,-0.6039149792590743,0
1.560261528038161,1.803854176022866,0.781706894211625,0.04991443416367762,0.1628353960932919,0
0.2819264176521433,0.32268548729688057,-0.8278364789989181,-0.3773590490571647,1.0509290331655938,0
-0.23965268764959644,0.3755513188736025,-1.1256158535866037,-1.056583964590858,-1.3562367999540936,0
1.7999562465847199,-1.0264191278771502,-0.8864220021401611,-0.9406267257961798,0.6761169847007846,0
0.8876659220863018,-0.9156711518359381,-3.033446537574949,-1.74804657690116,0.3227635249020733,0
1.473483241993771,0.45190882968593077,0.29138904360642476,0.028697213485261795,0.40204385147509947,0
0.17853115266065056,0.37062053645614046,0.418286441390066,-1.3589044394860035,1.7346397922275985,0
0.48228930404189696,-0.7423517682794867,-0.1593826429038404,0.5972189993392119,-0.1521132112756069,0
-1.6699946184886187,-0.09513049365775476,-0.15548580854083802,-1.846512902710027,-0.5714572192734324,0
-0.29616543722191563,-1.0565177138364759,-1.706231741360815,-0.8978381260061726,0.9478248684951388,0
-0.3329499057348656,-0.8155872741290658,0.24463326078115574,-0.12466909328981944,1.7803777344650507,0
0.4029866772353765,-0.461398486330264,0.8314929919211433,0.27575089682525544,0.21759338828671257,0
0.1049728629018814,0.5791956145144467,-1.1619162721585106,0.8451300898522849,0.3010829995002238,0
-0.830349509881396,-1.4687614963850693,-0.7869539146827788,0.7939225639042294,0.5406759387883453,0
0.4033292155151133,-0.09094925199158417,-1.8298590252380986,-1.340129385409016,0.35165008915150403,0
0.18124217574327217,-1.5908346222359575,-1.645723922623955,-0.2236937320962139,-1.1780089060677355,0
0.2193415251946922,-0.035435535424249126,1.0625556051832736,-0.7154091164006635,-0.7038590791255068,0
0.17992910019030853,2.48945094847095,-0.8428441320041649,1.4525195400746644,-0.1783137252297027,0
0.35631603399381884,-0.8464233459891461,-0.042760188664794266,0.9214190338661554,-0.4432984693392538,0
0.5050592267802863,1.294881343254399,0.5119294001350456,-0.5718367144619375,-0.35257226894766125,0
-1.8706360737311407,1.2403218598151131,-0.9465713070832451,-0.28477613970742544,0.2259612874734046,0
0.0703992783007426,0.2008272556669639,-0.2514134827586211,1.716331506221469,-1.0887235762826672,0
-0.7731864788080677,0.7812900889739013,-0.7620551240649427,-1.549697955651963,1.1374702891063322,0
-0.16573401934573675,-0.3535908807769438,0.5929265200345009,0.20284881881005917,-1.7624658556019535,0
-0.5840379807890458,0.38434660812430876,-0.6361851108057337,-1.8534257322209557,-0.32353628206510054,0
0.5009672726346347,-0.9638019805970646,0.5848934648662181,2.1621049882913073,0.297537759562226,0
-1.1574843651419502,-1.56228301656578,0.33702177522698745,0.05785070284757926,0.8975380644527011,0
-0.2114107430502617,0.2642989434385045,1.0082221326914103,-0.47461169148164023,0.45131263359488816,0
-0.9215357281523828,0.2389098815993539,0.3235632070363714,0.40012365592151944,-0.4661387220400123,0
0.47499139289849296,0.40199836466143235,0.5391335964192804,-0.1367572296828973,-0.29613700863807335,0
1.0583323864827126,-0.6646217615312963,-0.11969823090637846,0.9961714015109637,-0.4676585940297576,0
0.1848065814314253,1.2812918149403898,-0.17033066991889748,-0.25886301771481335,0.4862613669401727,0
-0.11169511085985204,-0.4499856287149964,-0.6010509910395665,-0.7751859154545853,1.3615802293458297,0
-0.3455236198649204,0.24150916570506914,0.9207518955560592,-1.570235969741032,-0.03955313282934422,0
0.644811338244061,0.026350534404098788,1.4296198195339784,0.6973662185790315,0.9621408725580629,0
1.4772074566932554,-0.49374617611601734,0.7183769398204464,-0.0645888340360408,-0.3682342744478857,0
-0.09208342481593405,-0.7886927715860069,1.2923932344490405,-0.45763995384671136,0.799216946439759,0
0.5335587426448528,-1.0772554553247056,-0.024893215349829047,0.8659996965505103,0.30732953663122903,0
-1.6322637654856347,-1.3176695758063521,-1.02796307162056,-0.04941047205348925,-0.41826014080265705,0
0.285670372946129,-1.2824008669745761,-1.0916573235931506,0.3002195991828884,1.222159366949996,0
-0.12866961544516223,-1.044369935360162,-0.5346583548931826,-0.21549623618219235,0.011948512262879124,0
1.1893090649585993,0.866914007014202,-0.2637610428583507,1.025135202368508,-1.4776937852276801,0
0.34454925128538877,-0.49758372600384954,-0.01895359450621018,0.6393366849954265,-1.374219171870809,0
0.2834879806214872,-0.0021708286111135834,-0.8756384830285768,0.27254855889808954,-0.33313106633548806,0
-0.5204211006521271,-1.3868978588324767,0.7622199752959674,-0.36614911214135587,1.6089039557300833,0
0.49147191088929726,-0.21358975457800763,-0.6415120756125926,0.33104383871889725,-2.2025172343602226,0
-0.3016895787299043,-0.3680848235835032,0.7501663239844735,-1.0288422558361086,1.0835943145825278,0
-0.5088560615706959,0.5752884194689064,1.537756038267773,1.6281467772864815,0.23796984442107935,0
-0.293635424434317,-1.5972157188151568,-0.10551797664597128,1.8672170752942872,0.5175407477286227,0
1.758510623760415,0.8814220407778213,0.051519405737064546,1.194946311492165,0.37606526878084645,0
-0.773374428220568,-1.3784476931644605,1.7612025003004153,-0.7921412151420568,0.6417212566226239,0
-1.3582863398126095,-1.049616607374155,1.7875754977646474,0.6244679836003587,-2.988900334568575,0
0.18843770501387458,1.4977063350654498,-0.23147647090039852,-1.1058256197523255,0.5933025631028949,0
-0.39528256569745907,-2.251608890152688,0.4833051642340977,0.4398510600938712,0.021445855561730655,0
-0.3513322396885486,-2.351340531469653,0.6202291556262213,-1.7298931885747268,-0.7088047718047009,0
0.9267932672837054,0.7487419023471543,0.0335747476295544,0.9366512474487769,0.31071162666513735,0
-1.0239354814937482,-0.09245312147673966,0.8331120179909451,0.76319599000572,-0.22565622993593284,0
0.4173652504680205,0.07280494785007666,-0.40383518685068753,-1.9772953489439222,1.1112928539605957,0
-1.1082148589130552,-0.9981881072177682,0.3880925764430227,1.5668994628655855,0.6550717399416214,0
1.4751625537183277,0.2526551734919507,0.3436886662750622,-0.7698599185462759,-0.5272081042653007,0
1.1790836910237734,1.237665337912089,0.5377110018818115,1.097737903555651,-0.32408700838574434,0
-0.14429559471224546,0.1855238760960687,1.7868549608115574,0.17640817201613646,1.3855191901037773,0
-0.3087864203254596,0.19569613059124594,-1.9025375866623953,0.22734842084979734,-1.7486347379975462,0
1.303207663415295,-0.21302550254746225,-0.05688611479679975,-0.3105489942792324,-0.6896982967109089,0
-0.07306748818375743,-1.5416360361141759,-1.8208580424422878,1.0232197181922909,0.6694966699596057,0
-0.7511931623331449,-0.8474552931806092,-1.5578004140317419,-2.078011945428154,-0.8917380801475675,0
1.7483730439873129,0.9139781775608915,-0.733495218935111,1.2514391639081563,-0.3063105792492913,0
-1.1987102515955617,-0.34862402691571875,0.26548446999296416,-1.063644134266545,1.0492316906893562,0
-0.22857321985462567,0.2573798544372122,-0.10605530013180883,1.5757825641327985,-0.3207044562852285,0
0.7523450222603862,-0.019277131063223853,0.8968410452007413,-0.5816706652686053,0.452210899858647,0
-0.6830510835586479,0.18030233346941324,1.1183818150523055,0.352483644171039,-0.2549918217303159,0
-2.3686960442231664,-0.8512704413704045,-0.12532340739441783,-0.8428622458164579,-0.3256949722438112,0
0.5173508018103509,-2.0272891997206837,0.47129423209850696,-0.13632378195129646,-0.37152154297497875,0
1.1761896587316456,-1.2175764752378277,-1.1916188720883294,-1.8567393989125403,-1.3241809977598495,0
-2.1671093658995946,-0.14769443207399235,-0.3359390163127841,0.8203650777424548,-1.150648212015948,0
0.832995409539731,-1.2495926379056834,-0.15499780653043846,0.4655828103729041,1.8965114957917133,0
-0.17616644481392088,-1.4433948219271306,0.6276553307920227,-1.8622489176793622,-1.1835852126317705,0
-1.2975727741851557,0.4108508855177672,-0.943521805678509,-0.2761478341888433,0.2906838340017418,0
-1.5396218437637883,1.4565887202599406,-0.2721657584687881,-0.2816909181552744,-0.5460504077964659,0
0.003843845031484443,-0.24677771310907493,2.11766860224136,0.4124654807965637,-1.6062506183695775,0
-0.02711290678403069,-0.5142523419611945,0.7482712557826756,-0.3611702272550879,-0.4175811615657033,1
0.36654142523606964,2.4759932622667646,0.265815891699531,0.39235785825658687,-0.3862601821271679,1
-0.6822345349411665,-0.5643311809175119,-0.1154806399503837,0.9589228042357645,0.42005869164743914,1
1.4900881630183316,0.5466250640326288,1.0217019643849963,-1.5963228976915353,1.027009178536423,1
-1.2747365208552817,-0.4319608802951937,-0.27189770499836585,0.1258991280708774,1.5259072936918676,1
1.2444892095416733,-0.19248970401908821,-0.10421196231778065,1.7279861308103148,-0.039572490766991736,1
1.1008133372864124,1.43795016585491,0.2570449277681127,0.6830845736463526,-0.6319307957710364,1
-0.029108981659308284,0.4811100422187104,-1.3177584412718697,-0.6523262101334322,0.5511350778559709,1
1.1399630432523649,-2.273990188269001,0.613853955512559,0.2011231167655263,-0.5997986243963248,1
0.5551292211558995,1.1322850524424717,1.1320292431780652,-0.6570733901958605,2.0228071535255308,1
-0.5470847353108043,0.402405840635245,-1.6615051206443228,-0.3916713884667898,1.0120717835897999,1
0.05025504812288017,-0.9707022451797825,-1.375335784562856,1.5174491247781332,-0.8695525369376886,1
-0.9403424901263243,-2.393233475254198,0.4471556662862422,0.3615824903132942,-0.8932142817404917,1
-0.1719608555035814,-0.9665818566068074,0.9678198210552713,0.8822938063945318,0.41770122074838695,1
-0.7977631925282138,0.5708898670470971,-1.0655630376265048,-0.3395467466768911,2.0394126698614166,1
-0.47340133630088277,-1.041326393222685,0.8425605821294015,-0.5481560218827433,-0.3667477020224827,1
0.3375015871951202,0.5986013846660239,-1.1866686038038317,0.18659853674247112,1.2325451602425797,1
1.309656883918213,-1.2901455502453703,-0.7063998928158434,1.5151207625613943,0.6008936772138819,1
0.06984121160825874,-0.04067820335503792,-1.1949752988976914,0.12671905811149517,0.8861985800446203,1
-1.6987048881142035,-0.9833880668846211,1.4574704513526835,0.20384439950864836,-1.2183719271488713,1
-0.6717730391371648,1.486749411484888,-1.3527762272567563,0.44760850207167385,-2.2651830955383456,1
-0.08179684212285841,-0.03900132603277943,-0.6074699646339047,-0.7925822608740647,-1.0672173396863447,1
-0.2275591113537243,1.9852108545258096,0.00036669355779659,-1.2753172911389161,0.9730838660598639,1
-0.30360386439811665,-1.0433859199466298,0.07190722971073574,-2.180252425526174,1.1849268854756105,1
0.11757440649509886,1.0657298194077365,-0.5463419021152955,0.7101271417524275,-0.45305831637738303,1
2.503314773267084,0.40915189721224704,0.8510867815071782,-1.0096415563381276,-0.3638585104032083,1
1.0843191390207787,-0.8383329214829622,-0.46397690182898776,-0.17619365100164444,-0.427797680784179,1
1.0519814035842476,-0.1508585975250993,-0.3532520935960316,0.2512506056523582,0.762455109256292,1
-1.286775437678702,0.8386856335759453,-1.7455543308831667,-1.2777113726953027,-0.3128857940191002,1
-0.017417812731004123,0.31110120467690944,1.128389643638382,-0.5800636346594905,-0.2338086377847348,1
1.1098684413093516,0.9879960410845134,0.8117936524402717,-0.2665844449315431,0.24902933800024896,1
-0.29468640567311016,1.930469618743012,1.4895107179943616,0.05269715304067134,-0.3870418811378328,1
0.3391297438168224,-0.5354165009708479,-0.7073777919147608,-1.687220068254821,-0.7439920080182887,1
0.7857918919420838,-0.2674864024935274,-0.3759495877362769,2.655451793570873,-0.6973475715452538,1
-0.9108582790922555,-0.8207093914605187,0.020612327065129357,0.9028460269348492,-0.70064847748282,1
-0.5749366706360933,0.9036281660787245,0.41649566513872605,-0.8943124415229852,-1.0728938049771222,1
0.06162845643055193,-2.849881484145849,0.08611287572112858,-1.4375253038286206,-0.46883891303224173,1
-0.7438822017906562,-0.12961577849174566,-0.293898653093188,-0.09359300197775813,0.35187887989449096,1
0.8519103458649481,1.7146027516314997,-1.097320610254759,1.9789007585116227,-0.3076209468026621,1
0.23624235786047912,0.36663020297515697,-1.0839362840767464,-0.12065544025146609,0.8206983153318995,1
0.15928222161572322,1.450029729177202,0.8082483916681108,0.025755324218218145,0.43018914906907757,1
2.1521363463023473,0.3070221872797078,-0.5539156687086922,-0.9197691694043691,-1.0383852967627207,1
0.029967253087475342,-1.6111375993975956,0.32998629120636913,-0.012296011150460473,-0.8640745774417967,1
-0.9023485018903677,-0.22354114345477757,0.04241134197089525,-0.11088479939670715,0.7223464167453825,1
-1.1755041027054656,0.6906132517577057,0.5570289939145833,1.1639852706935316,0.46757282899482394,1
0.8409463668755545,-1.2498978414816182,0.00205945251436803,0.6378636474884551,-0.9175336141192413,1
0.5535552609700002,-0.49690477523272586,-0.3983385692992439,0.6717647214314242,0.7618510251222046,1
-0.483339109651545,-1.4130725936105617,2.240553512820481,1.466819067766096,-0.9123910025840218,1
0.4173854044314598,2.2001679803895575,-0.8019085165011556,0.6915803053409753,-1.2999932653078168,1
-0.6150377113130894,-1.532907458796978,-0.25457029556239696,2.3029645571775883,-0.46499857533871314,1
0.013744873877083705,0.5537990850895683,-0.5189090014861493,1.4282428010965265,-1.5456305887742057,1
0.920932148627063,0.0786492349821018,-0.40149595111155056,-0.2709692778319137,0.4138641946385796,1
-1.8307481783733948,-1.3579047128988448,0.10086348790500611,-0.5006143339149574,0.007797800160146565,1
0.7008067449833156,1.1658748789566051,-0.004067708862313975,-1.3077154185962279,-0.13587492880306787,1
-0.7977871156373769,0.4002096255807545,1.8733092695863078,0.8247051729284568,0.40692869951738747,1
-0.5362332879727421,0.4883077836974318,-1.3546031561498193,-1.2249778107772578,-1.4065027742273812,1
-0.16716758563299072,0.2655826158753831,-0.5052207896123674,-1.4125123783848754,-0.28160177490523947,1
0.4758731422227745,1.6081026011333206,-0.13518343144564504,-1.3554650963606347,-1.7410197470010786,1
0.3601243961549491,-0.7313698156566655,-2.8333409299932013,-0.5612445683859256,-0.75894946588498,1
-1.0286260189561491,-0.1526609930572485,-0.47605543417577845,0.8926052953234239,-0.6760374642051609,1
-0.481563835868272,-1.472055972768991,-0.8808414524291751,0.5520412537331842,1.170642464503228,1
0.7277843600645869,1.1279863060261694,0.4648657461927731,-0.10841244654094268,-0.33197308399866476,1
0.2836549326006533,-0.8090605407724443,1.1091967775082066,0.6562232056159437,0.6465812246149966,1
1.1883815958340205,-0.8320252281838122,-1.4959231922713025,-0.580953003540106,0.7896557752523108,1
0.8696150070354618,-0.8808804072515283,-0.1641056388954752,0.8587239246648921,0.5120552095151131,1
-1.2208582171768874,1.0444852701073886,-0.7252929782282547,-1.7855798386832602,-1.6924152665392989,1
-0.986708907616526,-1.5381743771512568,-0.4528708324581683,0.32509789635845543,0.36997148279534203,1
-0.0425101346134394,-0.030133407027552253,0.8774957326431709,-0.7177697140327051,0.19007830592727726,1
-1.3585959502187377,-0.0001267788430450801,-1.3067862459351454,-0.5131228559738578,-1.1369918741893956,1
-1.502739802113938,-1.9491563114940091,1.0400622312585406,2.536749892279067,1.6784535817900896,1
-1.5130233247894596,0.530718029615465,0.7118416522479609,0.3212638541199366,0.029074231432392055,1
1.9460695038678708,0.08189248362385039,-0.6757426181458133,0.9627621927662554,0.5284071296505595,1
0.6582251493768144,-0.8454423127197194,-0.24166189056167225,-0.17548949546377396,1.016909589121815,1
0.22726271004941986,-0.5806673268995134,-0.5152524239121271,-0.5084933164576133,0.6002094109539473,1
-0.7189746852992493,1.4938377894420394,2.5756919859560203,1.0592770955030548,-0.9809910660609156,1
0.9715166955724213,0.7452228957318859,-0.36308712334238635,0.384772308469748,0.8402032846230513,1
0.654342045418872,0.3660794028538152,-0.4399950118421594,-0.5103163045750735,1.076063320377428,1
-0.6739125601999284,1.305302877420692,-0.45585002913046163,-0.7618928658143309,-1.7822755600154507,1
-0.572944097751287,0.1115752587654841,1.0705092863939403,1.6178182099902394,-0.3083866167856641,1
-2.2933049778872845,1.4866245079551383,0.8870266095577034,0.7938378342519966,-0.48472127927612413,1
1.00737707391243,-0.20650173859659143,-0.22951004912068956,-1.4211654322155864,0.9379705559544125,1
-0.32072346967113846,1.6523736839657794,-0.7700872185792098,0.4399499768345627,0.07637824014085567,1
-0.207174389935875,0.4543356220366995,-0.5805051787456922,1.139147412618164,0.2853243162547049,1
-0.14926154750266313,1.0544036756483606,0.7659250034328559,1.5052635825228375,-2.1426401627903804,1
-0.0782137834718991,1.034039174330015,2.0427271641603673,-0.5999154873398386,-0.2833286748100363,1
-1.5049041742258669,0.6953149158725974,1.2289858898324808,-0.9937956502674667,0.8275473087284885,1
1.1379735875955996,0.8113608076476836,-2.0043952510307244,0.11458232266466016,-1.2244044253840374,1
0.4503610244084743,0.9113473689478833,0.2423417583063511,0.6291622149609803,2.1481169827449866,1
0.22712928497071494,-1.2989567629098537,-1.1914815839174386,0.18196476765725694,1.5634031763154026,1
-1.686666273649417,-0.202051730697138,-0.9071716503930933,-0.5228277032336046,0.6003179698230062,1
-1.0011939668259775,-0.02347993227517647,0.49061127481505756,-0.2709166779311781,-0.13001606025825158,1
0.6699628328119441,-1.7632452930841844,1.4715846247812432,0.6008957448900761,0.7765234742417568,1
0.7812563901484374,1.122295539712115,-0.8992485405649158,1.161902861774336,1.1454529343771804,1
-0.48806836192230685,-0.29144052579954344,1.4732737997392125,0.6172770539096619,0.27590287233313376,1
-1.9432782448501007,0.663291680734153,0.22816727568036993,-0.999237546186142,-0.6369170634211831,1
0.3771918415264513,-1.394721536478249,-1.6543496315924764,-1.1390338002381457,-0.2904887316086521,1
-0.7086747064190502,0.43912127757893893,1.3651865033341701,-1.4171416447416358,-0.010479459043606129,1
1.678828426145087,-0.13011064170803383,0.006325107466213562,-0.6742631962932545,-0.6360543870232254,1
-0.7118125677480408,0.17254304759751296,-0.7723702477529896,-1.1223002328040772,-1.481018717314696,1
0.8711284960437222,-0.6796469593357936,-1.6941917199588163,-1.3989005083654524,0.609910729418037,1
-0.10954381853362205,0.12180816397342693,1.122884453596942,0.19662835637014012,-0.24991572742994905,2
0.5930126998974302,-0.02139050687883983,-1.2235499564943755,-2.0675294519273137,1.1465369312139926,2
-2.1542552160254695,2.971034542597369,-0.5188624166417276,1.8476239598615378,0.053400415400121325,2
-0.8680043286067176,-1.4210951485037326,-0.5052478278360876,1.396604140769627,-1.2371211759287626,2
1.0364994522551465,2.2111125536143144,0.02059152165864137,-0.8217150865721234,-0.9301367893040624,2
0.02767285072778859,-0.6206229246994505,-0.7753142431367108,-0.4200431352475923,2.119055077215382,2
0.23998067630143496,0.01813315427618441,1.4651617483062054,1.8231159329323465,1.361606769955369,2
0.188183956089142,-0.6256202811641891,-2.2267561394876947,1.6760099790921215,-0.4393681787660876,2
-0.3669388641946348,3.3863104156264314,-0.1308781163726223,-0.21206002132879365,-2.574250391079083,2
-0.4904461093990156,2.2758432712256815,0.3162636440364584,0.6378368673405846,-0.31317829639162703,2
0.7080756477497115,-0.24978813286799714,-0.27941367445243404,1.364171905405455,-0.9876838459167044,2
0.9711743010063947,0.8734236164003603,0.2698836290273316,0.5787311258349246,0.292514991921451,2
-1.7710107418308345,0.6508401074556294,-0.6330106212695042,-0.17187805128401076,-1.2435534833654818,2
0.7923663633645623,2.4200486811351434,-0.2047330076751338,-1.9491427236558556,0.814628771913976,2
-1.0397895465543552,-0.6199073053387489,0.9093978011031801,0.25770487862626457,-0.1540022645348677,2
0.6763330244209412,-0.3165118886944948,-0.04816818029478868,1.3988830521814428,0.418379940358299,2
-0.420291810082049,-0.8085477440347887,0.22027147536690966,1.2931353889299122,1.4733219770243482,2
-0.8247675780127895,0.42726073764054434,-0.7619915857417114,-0.02248343001956933,-1.5287342508920407,2
-0.022793221348944046,0.6596286051137067,0.1764660598758988,-1.2659590559676621,0.2977772037548683,2
0.8573818723213161,-1.39788562434074,-0.12880410312119356,2.0407166255746967,-1.7941640806723822,2
-0.19126466795011343,1.020942565438766,-1.044218476126325,1.0813144175919975,0.29749561778595635,2
0.1792206581613894,0.05539257935871965,0.024968724414678855,-0.13310579282922694,-1.0099094184415238,2
-0.7058933225775216,-1.1963031145293432,-0.6867352589267809,-0.13561780594437045,-0.5121241066628177,2
1.2461381640968585,1.1388180782781605,-0.705115138969452,-0.5595400383948315,-0.6808211337233909,2
-1.4992234947455514,0.3647304945782424,2.573341362798776,-0.24276549699107905,0.12275452011756596,2
-0.3164504365789046,-0.12709640248277446,0.5208280058112443,-0.46347860459641205,1.2257382694036278,2
-0.6544767880617711,0.07422620725380756,-1.028881782881846,-0.08436850097786959,0.8197183565736225,2
-0.2642256964977573,-1.4060863548678357,-0.20918547888830544,2.0905100522048228,0.290898423301542,2
-0.2244242706873072,-0.6689090341577564,-0.5400179955324919,-1.9178598213464155,0.8558083567966054,2
-0.7196031847436896,0.7421740000873147,-0.2828937946026521,0.39416719093706815,-0.1121039397045196,2
0.9906617570701101,0.27511092048890967,1.5122306457401749,1.5146635372882287,-2.652972906861187,2
-0.3532061395356179,1.9638017982735168,-0.28353016747829174,-0.5707953345376519,-0.4486299130864672,2
-0.15275375803879299,-0.8535730303295302,1.8643481719070099,1.1878862766235418,-1.155421869199454,2
-0.4192469403791906,0.530096109072746,-0.5081370818008618,0.958533575667813,-0.4419347649899317,2
0.6036344519966674,-0.39721550269051814,0.4631743908840634,0.0471902814455923,-0.40480847133867504,2
0.3451092690819799,1.3818938200064883,-1.422838005322127,2.455813069783559,-1.2883475344017026,2
-0.30929362258362875,-0.9981158815723551,-1.5984686078203065,1.825295582760639,-0.13622038902560193,2
1.4248088391271918,-0.9186953276887667,-0.18954190914404173,0.07009724759489526,-1.3369988311245662,2
-0.5627787367353168,-1.6284520939795146,2.6166245227271845,-0.7648721343359411,0.7366421238334755,2
0.678200806726792,2.1377462952805324,-1.8512923369299692,0.9233735380437391,-0.37610662967926795,2
-1.5384816090337265,0.6557135286998181,1.304409038367073,-0.1097926137537461,0.42297134616014737,2
1.7861224492201815,0.9949812720823453,-0.25081756305210223,-0.6222169658244322,2.056039313735756,2
0.4652278398094053,-0.2138334920869014,-0.6603972030298304,0.1032117541021658,0.7526987660648213,2
0.36512775615784304,-1.241857959125962,0.4253079581205328,-1.2144068203984815,0.2865549397999606,2
-0.4970389968310217,-0.3976105109963004,0.2618170887100509,1.9592413808793996,1.0750759556413365,2
0.3302925175168226,1.255087221404455,-0.5277206947610812,-0.05541827578605349,0.438307416370802,2
0.07625122997760572,-0.2715909854521474,0.6494943863589824,-0.09581158660988925,0.0487535734612773,2
-0.7992748203959082,-0.3875369093913292,0.7026387182336448,1.2866218300189216,-0.1039171777164923,2
-0.12203091597498579,-0.5695110812387683,1.8870995008307943,0.9228124603299818,0.5570172033391066,2
1.1179238731280607,-1.0497551733885737,0.80414338374935,1.1702108763261585,-0.31696093636251427,2
0.8847755048598576,-1.4037165702952727,-2.5495675430478673,-0.46789795679141305,-0.47579564981250266,2
0.9190611638445249,0.9874253136206677,-0.3515436324300427,-1.1365600431983913,-0.09884575993168043,2
-0.613288641094199,1.9289645513164506,-0.7359908316684204,0.20254065369533888,1.1536891823440512,2
-0.2260841316566017,-0.39063082214335465,0.5432895261638543,1.503728186659642,0.9062130199876623,2
-0.4025525092441456,-0.46054322967858713,-0.5462889406984334,-0.3511435475744068,-0.11607221392974643,2
0.38682253062401556,2.2724583563949925,-0.02320831076422044,-0.1071194590537844,-0.46781393294285567,2
0.7885806964524773,-0.668119350076491,1.5209170086164292,-1.1471850354507265,2.481070177157261,2
0.8597371114387785,0.4189610183314622,1.2731819900060701,0.5738571246223874,1.3334690322390512,2
0.8480914391278355,0.7246370808555378,-1.4385630985001239,-0.09112748514051904,-0.8075550787049185,2
-0.7891027710971884,1.120680110462177,-0.04871455844812638,0.045134949841206445,2.289381926970632,2
1.6497298087828929,-0.43705481353203046,0.1182869367506939,-1.0919204833444365,-0.021687293873206115,2
0.31453629443268316,0.27157705490469547,-0.5640980189396362,0.09833820256652166,-0.5911182686233304,2
0.4135311977750469,1.2427168542575688,-0.9593472261074292,0.4752345617094108,0.5362762288150711,2
-1.261576455063876,1.2905320986850115,0.7754082424304674,0.07826080522541122,-0.2901839636987167,2
0.10753318177185113,0.19161729195432198,0.03771360074412749,0.0954254690028444,-1.0002387054774122,2
-0.0551026760712132,-0.8014536237268965,-0.9137727534393042,0.14154510058920536,0.2472243562682818,2
-0.4015193082106165,-0.005578638645406891,-1.8034780955566383,-0.9276258178969202,0.10648882111201255,2
0.43639482183303474,-0.9478252233515879,0.3483752861509843,0.44075013500405924,1.34947478137533,2
1.113875642553084,-0.42688326258560794,0.23533582394233157,0.17757419770039112,-0.23105809659643053,2
-0.44921351881039184,-1.5564158319368433,0.16195763508055608,-1.2028999966903262,-0.36592187037646834,2
-1.7297780085817724,-0.3213568837354369,0.2018695096642389,0.5366768536617647,-0.12835147835020794,2
1.4571731394223657,-1.7261322423589591,-0.1541698412470122,0.3393103540719313,1.0200606761478954,2
1.4160140554886909,2.462716602688643,-0.12746514958288113,2.1080192139367386,-2.0385153741261375,2
0.6292923770966828,-1.1556931625951183,-0.9587862397054894,-0.6269367729202744,0.1943057494519034,2
0.2391438383185401,1.7906332352991061,0.04661563408594852,0.9474268618919971,0.013476438196632107,2
0.2261879567939738,-0.04172520966637894,-1.615689595802764,-0.9320729688429579,-0.14883296946736024,2
-1.0762511023224433,1.179215692968816,-0.6660857146154747,-1.560031323911717,-0.29145120207764313,2
-0.1818047980301593,1.1258931357478417,-0.32846639534033567,-0.3711722500715154,1.3033545736045018,2
-0.4118799794314956,0.047912094862259925,-2.1504691573977675,0.8135365450352635,-0.2101278139791955,2
-0.11442904688877045,-0.04394313273499195,0.45298639168108623,-0.06922575330888256,1.5119469994043877,2
0.12312585531448449,-0.5037103967785465,-1.304520640276157,-0.8386572281027449,-0.4343461040732201,2
0.041207016362774296,0.8026681344850238,-0.2756931507146767,1.9488393557905104,0.29579561094106005,2
-1.6031108492832071,0.7930143420729278,0.42437815842973536,0.19219794291197378,-1.2117837101710016,2
0.257886352924624,0.5320707784056878,2.5449776336090286,0.3218398775840975,-0.9861751381944014,2
0.04468468579714814,0.9889412589301511,-0.976634872859503,0.2174850137689701,-1.1554691931836896,2
0.8239474169053883,-1.5745710826769859,0.8806589960598574,-0.1696054161709689,-1.57465386642475,2
1.1189025922518996,0.35592144296523026,-0.29668206239860295,-2.156128820860485,0.48105557128911314,2
0.6566738263072875,0.8958053690378843,-1.1641985660031584,0.28869459191146457,-0.2582663939872601,2
-2.131315267990823,-0.69280650952251,-0.16203554375962886,0.7877837128842561,2.4618409959533363,2
0.7600790136154453,-0.8207505841845553,0.42385273457219397,-2.4695933350408525,1.2698309544870439,2
-0.9260324260990903,0.2493238117885862,-0.5430266717493241,-0.762611189608081,2.3397247480215206,2
-1.3096949888756124,-0.703422791666124,0.17447462142250822,-0.3168669174092532,-0.5583893947255075,2
1.0108592112734336,1.6978212698859017,0.43880790049993507,0.7261853808630709,-0.19986249102116238,2
0.2321967430717899,-0.8682782235129368,-1.188462879053853,0.46867908267503083,0.253281666788542,2
0.9836387077899986,0.24291406900110984,1.12010552354822,0.006618074455687152,-0.7164577361741419,2
0.6772765726617139,-0.5589519836462862,-1.0457048843870298,0.7167555837882492,0.05175091300518537,2
0.7851645195362668,0.6440917377991602,0.69317804661615,-1.3853340061447408,-0.6188375217961313,2
-0.0545675159540057,0.9766503614399503,-1.6709864337802671,-0.38338323976050004,-1.2243562005073767,2
0.3979411878716701,0.38157019555527955,-0.6393097235597754,-0.29113875453119953,-1.6561977022110708,2
0.48017979408634537,0.4301373875983054,1.1869122348570567,2.736370784786153,1.1979567731532612,2
