Dim1,Dim2,Dim3,Dim4,Dim5,Dim6,Label
1.760176431527822,-1.007563709549263,1.4582243475876693,0.6885035942759301,-0.4721543494699527,0.05792900418228575,0
2.557689143786921,1.789801630907025,-0.7518104330084048,-1.3124844996447416,-0.010260302671103005,1.2808425088424715,0
2.4988986891038456,2.0076475375818497,-1.6729644307071778,-0.40423975148581603,1.9205860933397878,1.1823197190893246,0
1.655883360751044,-0.12346124858769802,1.0827490620146076,-0.0021384827679669094,-0.41788628383274684,0.5753792444089588,0
-0.10351781571501162,1.1705695235576423,2.926931510304194,3.5497706399278655,4.318021935156491,-0.1994852525722024,0
1.0975870182408876,-2.710867444656308,-1.0413678485819555,1.9110658317245925,3.6782652001745957,-0.9765944033530187,0
-1.6404198936535392,0.8662552494465872,0.955435815423454,-0.3256591747640174,4.32156556748698,-0.06146297045378524,0
1.664522207780943,0.3396705865789035,2.9111213397851095,0.36885558705867016,2.101296164176545,1.6417648415947679,0
1.7888544045798151,2.3644618632388923,1.3652077854305515,1.81677557827196,1.305852230103374,0.8258827874261409,0
3.239175512085934,0.2531026030585456,-1.503943696235242,0.791509808740041,2.6065927083697367,-2.6946267762153475,0
0.8514104557728537,-0.2877240276518527,-2.4384299072061815,1.2659350748879084,-2.152553108285515,-0.33302912266900453,0
2.731206064218252,0.948936124101178,1.0256632525590337,2.4396729896230824,0.5845528876358482,1.7354978908491185,0
2.210033344014945,0.12673633339920165,2.3244174449141886,1.849037482198709,3.229394751555168,0.3228186762924735,0
-2.1615046594692746,0.0808113845219599,-1.3588534021721221,3.544638726390268,0.77607099327193,1.0489140857611732,0
3.2855039731493174,-0.5780720133773243,1.75490431549988,1.3085261248846534,3.3928727852552445,1.6836023503485893,0
-1.0036885587357616,1.4411174524260786,3.217152051640397,0.40072723230982343,1.3894190240835331,4.632972281762788,0
0.7485553649919975,0.20162348505408156,1.0642753464406296,1.4593548830325656,2.6134818852490227,2.680205202813989,0
2.328717912994612,1.1703855388568076,2.680093538919708,-0.2232232868700399,2.6106179200245636,0.26568233892821747,0
1.9114198565258875,0.7264120387204211,0.9942189933338592,1.4049484108665924,2.0079838058237174,2.438991640984635,0
0.32650608988119734,2.3814861521308197,0.8055774844162145,2.4636019511037066,-0.3886602573631881,-0.20273383240950094,0
-0.21551242067345577,2.021887290744569,0.25889006971523176,0.8666829810500826,2.115076738581765,1.5913447265612555,0
1.5761447207398382,1.7523958279692622,3.1122885796325743,0.812801878883561,1.1546187897449873,0.602788544955725,0
-1.1336220345833818,1.5550409687357636,0.34170254000367817,2.6095692881997152,0.29427565129982136,0.9120409223692173,0
0.24705968834722236,0.010836074421083253,1.9883388872589496,-0.6059774578590553,1.361746221243342,-0.13004553225694915,0
1.2174747918584217,3.502786374098359,2.1455850627793325,0.025237568055305082,0.7621585239649318,-0.3533239171338274,0
3.3875959790452796,-0.08745542314504728,0.7844086172354534,1.3193450424174993,0.6357840784307696,2.3821892379608545,0
1.0194827818932555,2.3636265795336326,0.13046075270642477,-0.8211511504020541,0.23747826325667754,2.434247936553298,0
1.456547463109263,0.969766546504283,2.2076439205680454,1.6032424520134383,2.5991124764591684,0.12137567901451274,0
1.6155628086472134,-1.0772488119146075,-0.26717591058147794,0.9691967990820087,1.1696238190847101,2.379314502016258,0
0.278862362652491,1.8182413460264337,-0.514284821378908,-0.9814019071026068,1.2838177231378256,3.7033467725480764,0
1.015778415019565,3.357540621539709,-0.9344039132812889,2.749059202230308,2.0760851474671806,0.590256928606177,0
1.0968744125598298,2.7301176003126137,1.6255084470221208,1.3078226570797966,1.1338655453347197,0.8636087884406713,0
1.2323847527462477,0.6521018509365535,0.10288107914547318,0.8537917386822251,0.7750183410482977,2.8974926604882327,0
0.4749566416567943,0.39433442110413663,0.100792198021461,0.8265397237044698,2.5235071148507178,1.3870639156504687,0
0.10632858228737885,1.3231103566485816,0.884395612109895,-0.30315710752156244,1.8603555290240306,0.9264958899995318,0
1.3347348012217688,0.18770003013611147,1.1354740146426767,0.1449567476773762,1.0482405807264472,1.891552945359602,0
2.0094132138488705,-0.49143696757730204,2.049335107407929,1.3460534470286234,3.0911547596625706,2.0043588267096117,0
0.0610665615801822,0.26291455046595136,3.554927494375769,1.8118611740759083,2.0693601801277675,1.1873263617688958,0
3.085325939851244,-0.30324840599252356,1.954059661551701,1.6301889680119332,-0.26069933492175723,0.8089452670925017,0
1.345328843279161,-0.44950687496090347,-1.1649479841797294,0.2575305491611598,-0.5673756051526471,0.8110703581967413,0
1.174750345728155,1.3382866470739985,0.25187641718983333,1.412958310972184,1.717876356778037,-0.19379789915514478,0
2.7907064144187066,-0.9287171421751568,0.1992693820085415,2.308446412022825,1.555984015667542,-0.029350966231546538,0
2.072620763766894,2.779484993963054,0.8470004015552266,0.20122531018702206,1.1712256869534892,0.8551435020432328,0
-0.1995259004736698,-1.2574791680251693,-0.06391813032864069,-0.6841764561582824,1.3211039717236843,-0.5587670914713818,0
-0.7569109091963409,0.6770593803112195,1.2968080510377145,2.4503805644690293,2.5801699896838963,-0.17837716787307212,0
0.6368287080626704,0.4604356971394592,1.2390848261496976,2.39689516430571,1.2171908824281776,1.0455986785433373,0
0.3497065675329951,2.87747163751152,0.016617691580633087,1.4824753220968625,1.6717336649655508,2.4017639498333136,0
1.8880349485141854,0.08474762590159357,-0.06655719736061783,3.236506654259173,0.8297462903863259,2.137690712883031,0
-0.7113472516860171,1.5771475589488042,-0.32356998133742265,0.7480870263768744,-0.48220059378871305,3.6449341204044017,0
-0.42059779533928454,1.1094586438537388,1.234033501555901,0.7671793402230402,-2.3771478765893437,2.0481991488403937,0
2.5738654507130607,1.6194136104537802,1.0863008791219064,0.39276337246455195,0.6073348281233859,0.5535214212757732,0
0.8958310868306493,2.9894109465033694,-0.3196688393829279,1.890704796501007,2.430709322301686,-0.20285525285303696,0
1.4233664216672754,0.6691060538130578,2.3439088097518512,2.771995533324888,0.22971628065599958,-0.7145364546039705,0
1.2329740297197265,-0.19899502531269775,-0.2492461073315435,1.5323077736240018,-0.9581848440277023,2.1178326958860687,0
1.509458046358183,2.6391457193957892,-0.9284040975178505,1.326420179729459,0.8847325080817977,-0.8136759201621044,0
-0.026393143222963822,0.6136146544359748,1.5179674661333387,1.8023649982330388,0.8486765968313392,0.6796837105061293,0
-0.8090918985863924,0.8742115884495685,-0.3523708937623864,1.2173738942062005,0.7546760321078252,1.507296767819683,0
3.282746376699095,0.11674210341268854,-0.47557405107579176,0.9277447800837078,-1.6177626599184176,1.6695567066561192,0
1.1494091559113289,2.012699954431479,0.030440101451983947,-0.35550115050077946,1.3165671232332326,0.8854272554856424,0
3.2103499266521363,1.2023717786267298,1.7334129342621032,1.4011635895079437,1.06476676826607,1.1295026466164049,0
0.46767882390913174,-1.137472226263982,0.7884508578832127,1.2100132459679593,1.0399067446943722,1.8730600159570394,0
1.092985066195966,-2.4856576636440537,1.9946193666159857,1.6203757508097987,1.7795538347108466,-0.39649718588412664,0
2.063516502424206,0.5387383617840649,0.9909322155062228,0.4990211158732255,0.401219769320199,0.18153099953702412,0
0.6393573619283517,2.1116872405244522,1.8837004846522811,3.6463908448358864,0.6427547688061412,1.4291090733623504,0
-0.48560569711796475,2.956144921827444,3.725590079980014,0.6370461252903802,0.7059199668139178,3.32467007686764,0
2.4187902225578526,1.9002159770559348,3.965258683960262,1.8083236826189688,0.8795541537333332,1.723417906950578,0
1.8773556796104192,0.4170288195726467,1.9103142275609928,2.7584233932451743,2.1249000826950555,1.1678400063232703,0
-1.2126284959077749,-0.749124584917825,2.4186818276775712,1.4824848415487466,1.911697117724299,-0.2795333232731483,0
1.6107862927230603,2.5885529834590324,-0.554566956503187,1.2205361206167473,1.9969682662353827,0.6695713544015627,0
1.1005129460136671,-0.9313097800196417,1.096538859916359,0.2751290185242803,-0.5250159457066246,2.259936851508454,0
1.2546782838661001,1.4832178700196677,0.6597512527288587,0.5436445806454184,2.1374471778485873,0.8846974793221676,0
-1.0141306723685966,1.0851567138673113,1.9771231222103185,0.4544036540219455,1.4038832909950774,0.8416477467612223,0
1.9608822919801223,1.1329523109499624,0.557547304814062,1.0348140791775364,1.190589241957726,-0.5201909571184336,0
0.5957631671176933,1.9316253004797261,2.8549893175556305,1.1433909866976342,2.2186825443623728,1.3807503240074077,0
0.2631794588248524,1.4241264019544113,1.3898990481357505,1.1340400936304988,1.252072214127526,0.6130133783077896,0
3.2351467736590673,1.0203424446730034,-1.005225397041031,3.994425620259352,-0.13849632954969615,0.21416661452743746,0
0.08182210445051707,1.3792501653615632,0.7005593441798158,-0.19835591229664273,1.0994905075506538,0.07057432936728936,0
0.22016436957319419,-0.5225534835787262,-1.4739997421696605,2.300906549585327,0.4215792331171859,2.174361246359513,0
2.8801391922945503,1.7752583943784983,2.276694450842407,-1.1201091089354311,3.0616280649120426,1.0913209649637252,0
-0.28107688652015606,0.19365401680147076,1.5598321880163406,-0.45204330670615533,1.568515606730521,1.0646293579468467,0
1.657661310612826,-0.566267210912059,0.3147982270749916,2.687119597780114,0.2881302975429352,0.7997829071622282,0
2.1981636084443013,1.406464351096385,1.6939754451389093,1.0498744050344695,1.5894442929014847,0.32640349345425024,0
1.1676867233883361,-0.48176070442250984,1.6988659578064764,-0.6324616478504981,0.561780532870598,0.5797020731797635,0
1.371012073603625,-0.7038085203300886,0.7700746997768311,-0.26461862447069096,4.838851041498874,0.3031277646377144,0
0.7917014835861206,1.4587919380698657,0.9575057550228896,0.5812648259014865,0.18203461832469914,-1.2576357994697496,0
1.3325968005785513,1.0734780466440736,2.422916262110043,1.2561767411528775,1.1680414204831717,0.22573937279482192,0
1.2945400170435177,-0.20049739884204776,0.8267491012957575,1.8321119455730392,2.5805947168941703,1.1315583125865132,0
-0.7777906013095803,0.453624267289663,2.9812631479455716,2.5763033574168626,2.4812534773749917,0.5333591547726264,0
0.10604407557875462,1.1183379969276126,-0.1003574098598552,2.8676238680663335,-0.16956013562409433,0.9516924979393975,0
-0.04979403255293291,3.2033465142389312,3.2567765078490507,1.180763085437964,-0.07240004644621267,1.2660387756690845,0
1.8953497813216775,2.04538979494662,2.1528583609939265,-2.2221157867250616,0.8968235263694786,0.5403849658807929,0
1.5329257028291696,0.8813487686176299,2.521472518392043,-0.07846110704778408,0.11114507375842875,1.0942167577304007,0
2.3315471578379103,3.4063690652210745,1.6358954809091963,-0.5215035329207254,-2.3050190858953665,-0.8810705258811689,0
2.086719247408252,0.5949272335255225,-0.7074234859613786,0.5589134212102982,3.0743536491966634,2.3326289633638133,0
1.1606832143692993,0.5632274058240812,3.3498725071158963,0.49064387362840556,-0.8998420101851268,4.8588552750766,0
3.1872298434045296,1.805230081187645,1.075096760971091,1.192290333820272,1.0680458643975421,-1.1816967152187354,0
2.293711588489704,0.46407205556044717,-0.208005209510832,1.0255832531160942,1.3955810240857298,0.9775829422189971,0
2.4878179832495793,1.9505484945909903,2.52751581075832,1.0917405121227735,0.7478895071258123,0.8875525041995017,0
-0.09792581659763377,0.712234210843255,2.2840138811664596,0.3456334039345291,2.7895657254215305,-0.5145114812941962,0
3.7715032538947844,1.9649692312621523,3.0133334343174063,-0.4442263405014324,-0.49981153714261173,0.7738345436096283,0
-0.5737885512307617,0.4554200551229617,0.8052339404325283,1.5541608537708864,1.0271386130812974,1.0323583492078958,0
3.4893065012047533,2.8084906147025235,0.5211004542467332,-1.2627726218105546,-0.4238746044396404,2.975836296713699,0
1.6232522136686447,1.786960049822138,1.0340149283076183,-0.03961460891268764,-0.07144719912453468,3.072973971740735,0
-0.932070506370912,1.3042513327797205,1.2038292240798867,0.718827542434221,2.9864637227583204,-0.17377390643662172,0
1.0660548583476392,2.8238584930870436,0.9857565812237387,1.3988433685684445,0.163386420103247,0.2361288774937419,0
1.0399695940120701,-0.4381846156835114,2.403395434996637,-0.47107804194968605,1.8067216763535552,3.371141040158248,0
-0.9678243564442459,0.23424426644193796,0.9893781349591425,0.4392750006882622,0.5735746555030083,1.7100778921191226,0
0.777923328249816,2.989637826659756,1.3493044304264832,0.8147116095719745,3.060457235554364,-0.5684858143924629,0
0.047824297317224373,2.019918742319403,1.9299814061506024,1.3007160819220793,0.8041038872309662,2.2620501285756296,0
-0.5635317580102686,1.1738715569178053,0.8123278147252961,0.9540732260464881,0.7749550552830583,2.758262880584662,0
1.3631157229538367,1.643290776757785,1.3999056004344035,0.2971753341199246,0.03647957023110793,1.5539619439646786,0
-1.7243469096546749,0.2367926771114116,-0.5316352388667189,3.570045213480192,1.623176761107847,1.5884221323254448,0
2.5571582404655198,1.9239542278300883,0.24510151910841194,-0.28915915940953907,0.932327828269121,-0.36088764836945497,0
2.5096787397740066,0.9661583300218144,-1.2487932092755911,2.2728989503826713,1.653033218618384,0.9241431519340481,0
1.4336347000407523,1.3849322628861458,-0.7884394947374795,1.1637911752592536,-0.05325731805936962,1.9020306723609113,0
1.6363641483343854,1.0355095564844694,3.1175905018628227,2.2605035254602224,1.944510350948529,2.376823889337717,0
1.9533581060612168,-0.2839534904993877,5.124644166118945,-0.22576427848041347,2.2253731197888147,3.249273217281734,0
2.260319429476442,3.064432507833505,0.8993801078783434,3.722798047817002,0.5854742970546047,-0.47775036387687253,0
2.3320881487377405,1.0421351594178672,-0.177463076888438,-2.274440885373119,1.1118150207303086,2.373597739535625,0
1.0580848776657625,-0.6875295780089083,1.6608030760486052,0.7849802336316667,2.228818960656022,-0.455009950787278,0
3.1100795841595605,0.9995356982786371,2.1210261601643823,-0.4427707464476134,0.8139326639654124,1.8364885161411835,0
0.9823993711641933,1.2501148762085714,0.11682330302646071,1.6350246845717615,1.5142200839906792,0.04509578897800437,0
0.14385351144780134,0.976583885375932,1.7312917531317762,1.9195018107452126,2.568847437602779,1.3043721462035165,0
1.0396202593508537,1.164482342719072,0.9156241344637869,-1.8090630737034856,-0.04909563988397081,-0.5662548533183167,0
0.8150744314649883,-1.6238166363042135,0.9993911674387526,1.0601396289426845,1.253205359488084,-2.4321247758967344,0
2.364613761079148,0.6374485997635938,1.0118274613920482,-0.57458393454102,2.885298103107942,1.296090911504744,0
1.3561844864051062,1.1058542685556856,2.077884774379556,1.1195466173865731,-0.017993608770649594,1.8725069413432207,0
0.5855736750610647,0.4753020519490625,-0.3437213190468653,0.28353636718619235,2.7021954551139884,2.4053324248572836,0
1.9494515505644485,0.5552873950791188,-0.5859802699171519,1.42493594796326,0.9400787099361863,0.19457514222991923,0
1.8113646339131868,-0.42523677646813285,-0.3962877984627211,0.5577427434568987,0.857983457558124,-0.6584166201922068,0
1.3090773158425897,0.8488392622135807,3.218163307034765,2.0936273668650798,1.9200848536430888,-1.4476281307474363,0
-0.32846836095170295,-1.0927941858157948,-0.882659515682723,1.5960648703177744,0.2186988677491939,3.1232460653524057,0
-0.1915785235661167,1.3813303883050434,-1.4227543287813837,3.2853969138811037,0.2661933207112621,-1.0508031850691433,0
3.978917858352995,-0.1592688792945829,0.8265459000764803,1.7849495106821966,2.5817055975456,1.0611751787142636,0
3.0738992942840495,1.882658759533614,0.7581399206689488,2.240803037225515,0.8492140737676501,2.656987669611431,0
1.8166707732141618,2.1710604488627654,1.320433329392222,0.8357189953728656,-0.553318914499338,2.184805282535022,0
1.7961644396495329,0.29204967922030267,-0.4093732376657857,0.21011653217784843,-0.23584496517554077,0.932753441597276,0
1.0032381131187895,0.02974797297981524,2.2736606983122867,-0.25228956395627233,-1.592024401736753,1.4424734730791027,0
2.0330931875858766,2.833314742111535,1.0402965956942576,2.5211991285901636,1.4470110235476152,0.46113871820975927,0
-1.042734018804817,0.339746805858939,-2.0881150555657375,-0.07785866889636628,2.773873704260244,4.403542984358422,0
3.340711603362232,-0.7152483983334628,1.9390892585111765,0.7173671339123469,2.094341033419423,1.5408003015537863,0
0.9506014945793873,2.282828533500509,0.8524682375253463,0.7223667768441353,0.9103758824887059,-1.613578534065201,0
2.69307133630619,3.1715108082793684,1.312406152740682,1.366570591648894,-0.3345328104101122,2.4141008046112633,0
0.965369126209431,1.3707207360329232,4.371150967637761,1.7829654811614275,0.5626957927912706,1.7125306188577112,0
2.439245888617728,3.662665531321047,0.30314821032010386,2.0502358960539757,1.2332242137382607,0.9222877270698348,0
-0.2908161530642379,1.399200526532996,0.7197948935631653,2.5490969876485856,2.586824925750153,-1.4902253427152283,0
0.10099134224518869,1.6036019515371576,1.1220612805439196,-2.8169160260579815,-0.6759660033656432,1.7501686101372171,0
1.2757645791374133,0.7926358841511134,1.3328370391983648,-0.29563376410085285,0.713789581734083,0.0897792093516514,0
-2.2977501042326733,0.22900279844592386,0.2836980440898992,0.018839516304490544,3.016806152978341,1.046208943705725,0
1.2783589539540405,0.8719746845125733,3.7411108456166713,0.6428332611928502,2.118545781322152,2.6922531047287652,0
1.679060209019327,-3.0483843300367233,-6.2417229586765774,0.7941914620939265,3.2696772971097445,-1.3043316507147518,1
-0.9893897351440073,-1.698247870561202,-3.607278038236617,-0.7946130178694599,5.706507932665746,-0.13870919421159256,1
1.0195037990325824,-3.847993237281101,-4.071276963804664,-3.5136050290182874,5.65214456116659,1.9528453163591144,1
-1.5302091756521135,-3.112386259901909,-3.4304322045919493,-0.15269358876184302,4.20183251234344,1.1367416049128458,1
1.3930013984853793,-1.9176244675939824,-5.26859677563511,0.9237187123397754,2.4613129930629993,1.8677522653727126,1
-1.8091492915206406,-2.4838421095230414,-3.060183865210925,1.9145588848463744,3.873768483442507,1.7880861517485442,1
-1.7905535650702995,-0.8151206928728287,-3.542790472883542,-0.7986653945924833,6.1902046799612505,1.645932432624444,1
-2.089008293283566,-2.6940530442395203,-5.710862131643341,1.8922479697063563,3.046143365354477,4.215096494063329,1
-1.2831899497999477,-2.415400063560276,-6.1371423830725815,1.051900555411224,6.218522011621374,0.2887686579213765,1
-1.1312935193248725,-3.4130526148028855,-4.450533670228914,-0.7151421197542414,3.209674145800368,-0.09497025346060661,1
-1.7128615844477655,-5.327407088970105,-5.42617162440989,1.1732094332587444,3.4397564168161168,-2.1192842813721966,1
-0.6533699698433871,-2.6564484118096336,-5.615894830867872,0.6048456390949918,4.654276256069217,-0.5080077088763314,1
-3.244808216032122,-1.9284526800599715,-4.832525070607343,-1.8259542378274618,4.535261365534699,0.8678125249333783,1
1.0460940254100386,-4.86107079116033,-5.720970182176574,-1.8439137181226342,6.6148387051663065,-0.744165931486693,1
0.90408527174957,-4.425288155795661,-5.042974580591094,-1.540314290279599,3.7049218728253326,3.025800951229999,1
0.20480737174069197,-3.062191770137841,-6.20609950788937,-2.2172618044766628,3.6235771092759124,-1.870354065646978,1
0.3211374725265297,-4.781815098993079,-3.949721389739603,-1.3312994151578792,5.3476335609711425,1.387579935118847,1
-1.3565602987412162,-3.228647064017402,-3.8896498630918908,1.3286181634822674,6.7546993765051075,-0.7949961751129148,1
-0.13453105742719218,-0.8542570661411937,-6.084018062788063,3.4443899740989368,2.8863174800839975,1.6118846775220899,1
-0.40509450733761976,-3.98290917794127,-6.021992597616463,-0.13033409520453176,3.5089556384354865,-1.2745426056047262,1
-0.5109015918297805,-1.5318189342937698,-5.842081515645059,0.5506120817171469,2.90466912188662,-1.6005391461742904,1
-4.607404114966542,-1.6527678114226105,-5.574547071127031,-2.3567619487988436,4.626158859348886,0.10030092300049098,1
1.8612594784017502,-3.7358436781706184,-3.7884326206913777,-0.6229759789844489,4.064646517841817,-0.3966706537351644,1
-2.0042701802711984,-1.5740216481977862,-3.4818521385142596,0.38653925888855584,4.368874887606699,0.7706527944244177,1
-0.35501691991842216,-3.834782038008264,-5.056515855021225,-1.199523015085369,5.047750205785737,1.0616936071028151,1
-0.29129560471077215,-1.1651136528424393,-4.0177718881960605,2.2321591360022923,5.103588004911483,-1.2841850200577656,1
-1.1259224177722384,-2.9279194921637757,-5.430009072832643,-1.0639964366852235,4.619287902173631,-0.19475391573280365,1
-0.3067256373757712,-4.24429827755887,-5.30115801580565,0.3574070405825607,7.076727671036343,-0.4568104709494204,1
-0.5790118757731824,-4.847170717292004,-5.375324917112145,0.5422011855963113,5.171408703113076,1.803138987271613,1
0.18928760845431802,-2.6507096340891914,-4.1533929346484255,-1.5611896530861167,3.768349624139711,1.9480507506815767,1
-0.6048405468055312,-3.726683064499208,-4.326778685716478,2.543326680856314,5.676002300582594,2.1766991297152916,1
0.9126353300893493,-2.305830669127271,-4.538959428912437,-0.12244502535908486,5.044639017680401,1.9589444874132154,1
0.4149327080762437,-0.7863173759723787,-7.4181042791021765,0.5002498727777933,3.1159035056657576,1.224693405576128,1
-1.890994994111265,-2.026537171819833,-3.934135382794109,1.6302923590231397,2.4458428806120813,0.9966523490235164,1
0.02413315266843774,-2.739095042082542,-4.164906000119731,0.34330893001281104,4.880877506763875,0.5826821281750363,1
-0.7026412779106853,-2.4033677926991523,-5.734105252182525,-0.3988497035740949,6.7093104333260065,1.1075257679325716,1
1.1648609114630053,-4.497277671220127,-3.9275565068684477,1.867936745083998,2.692196362326004,1.197304649727903,1
0.1314232493895987,-1.471949035211068,-3.3613794641765624,1.5363325120449367,3.4549593599395934,-2.0488132606233473,1
-0.06756522278593469,-4.723673103253037,-4.13032531653479,1.2653708391045462,5.996780867700402,0.3012501439613517,1
-0.5125868348924291,-3.1905794169972563,-5.778976562805806,-2.0815440921217956,2.12126382299478,1.5446440072769492,1
-2.9647403117747113,-5.381826884414837,-4.073020820516655,1.258694701566407,4.793851469503656,1.243025800183724,1
0.10501887062569493,-1.5397578436678105,-3.595392426255482,0.9160034034513294,4.659395682581634,0.6969323007835102,1
0.31634801604085316,-4.369981353523366,-6.547841606468695,1.1381714571832733,5.230168679156536,0.7392967098823056,1
-0.275444745616406,-0.7688757710460026,-4.455995698182128,-1.888738139440188,5.711446693058535,0.875858872110965,1
-0.963493653465936,-2.36422282011618,-3.807861951366895,0.46675120364304334,4.074459097244472,2.074274750072793,1
-2.810126787160925,-4.37158301157568,-3.7556320743575373,-1.9216052543401803,4.453140054145141,-0.9953149493324048,1
0.18857299529767402,-3.11625307904206,-3.6775260484127,-0.5183290812749426,4.538739445421312,-0.26569434131083525,1
-1.8187284490601554,-1.1460417623070116,-5.815112204786989,0.41724287916022545,3.62517042392199,2.2829618536134384,1
-1.1410143111249618,-4.039757055045048,-5.621077817238406,0.9003032653551539,5.016151981925718,2.620022922970316,1
-1.491022246249687,-3.8768315547238235,-4.364475967057538,1.2272781421706778,4.0270303422951965,2.4702475020423433,1
-2.5685392808449743,-3.349250820965363,-5.343836781617286,0.8208396770054427,4.2679062422850205,1.4056835584835476,1
0.3423784299998549,-4.118346043246933,-5.560273186819167,0.8714293092982346,3.889314272680595,1.5077079879280433,1
-3.291909195538357,-2.2419866875620444,-4.697148076225211,1.303304380349862,3.2802283743319767,1.8312775367032308,1
-1.0745789739417484,-3.4716501047015047,-4.836360890255155,-2.609830587612942,4.437503107830407,-3.149621555256041,1
-1.5641925813585784,-1.7811085304711476,-3.4457988643368287,2.410886407157938,2.527302525481218,0.3373608078005941,1
1.923668929936405,-2.7128322868563335,-4.4318515078123575,0.5853352864719147,7.245490136850226,-1.3055070697540585,1
2.4813992975622616,-3.3630851713397947,-4.335749413282885,-1.0300156025789802,3.925857995226443,0.0700143381749388,1
-1.4696231034502694,-1.9658320232236886,-3.7499004814171393,2.816432551030333,2.4923053898222953,-0.9541502687027098,1
-1.6399518665215802,-2.3720330439404598,-3.571691024902102,2.195307207037342,6.227232945707348,2.2120674593609246,1
-0.9087977520739945,-2.526986655393719,-5.914042655548853,-0.504798246882491,4.621678310696638,2.0777278798191268,1
0.784734847436585,-2.9187839683885892,-4.5667314570214685,-0.6020160981533926,4.542083038770911,-0.6487580255617248,1
0.8510970931819504,-4.341947394054445,-3.56806447489649,0.0964098831924971,4.6767913429097945,-0.11666313873652434,1
-1.1236666790965741,-2.9808620633589786,-5.989057825993504,-0.25114051324017816,2.9200056629140363,1.1024027723447314,1
-0.3176086432590129,-2.6415362278120207,-5.873310552978011,1.747222057893805,4.854267887397491,0.7132061918043736,1
0.8387107368701703,-4.541701596926799,-4.341799419628871,-1.423836754634008,3.033696059742665,-1.5147367315440872,1
-2.5991467755573137,-3.2648143988136744,-6.682300568121933,3.060989945054965,5.048494043898463,1.6290655887394379,1
0.1565710254310152,-1.4948963671301911,-5.839565283557716,0.251452474497084,3.3123326982284533,-0.032147957463789956,1
0.7131279727182978,-3.0808475514099616,-4.96485839583439,2.440575543887168,6.41232136828045,-0.4655485547178011,1
0.3504830897044655,-1.980792461271804,-3.2286994392531714,0.9022093369897807,5.257451603564959,0.8261762125868459,1
-1.247363339817133,-3.735431573433957,-3.984563902999295,0.027219609960331403,4.380694960845957,-0.1983148456702305,1
-1.6521004908286891,-5.561482145654522,-6.447755984855216,1.532817300454527,6.611841477773455,-0.7378665830387253,1
-2.823390366776825,-2.8673308996085813,-4.906304792666578,0.9310401440761168,7.011305817535482,2.790506772588726,1
1.1796329426472036,-3.095298033511511,-5.961953401267911,1.6396727508188553,5.904327218018742,2.9200560015807797,1
0.2563477857342863,-2.1122947607467637,-6.322749361779154,1.821962759705657,6.533947169346968,-0.9908317934238585,1
0.7731631899253297,-3.3481837230292446,-4.296021126346094,2.156195062803195,1.953872776991573,0.0897257250032279,1
-3.7338122654019337,-4.559088494717068,-5.942464229543448,1.9691488108637116,6.913366162442811,-0.2972555107554733,1
-3.2119153899075408,-2.3530561935232788,-6.3154284221679,0.9644273977949355,5.2641327405419265,2.2517465863631885,1
-0.9318270788543879,-2.607942603887639,-8.100589574051554,0.43915233870834947,6.100243697682296,-1.1618940076485638,1
-0.42253319302268666,-3.55178130530042,-5.239779563878161,2.423843830510555,6.75010747296183,-0.09837405854565595,1
-0.19073448964340833,-2.051116433376671,-3.7018319634463297,-0.2547882506072834,4.06184803624931,0.4496359728473073,1
1.25753865959068,-2.8304307548139143,-4.343206701964313,2.6324129258928446,5.53777169596883,1.2340722944265783,1
-0.20295273266552727,-2.6278766899888653,-4.489275796295215,0.5415193581959867,4.544078256185779,1.0611480178175632,1
0.2250254882596091,-3.591254330363577,-6.524634426547536,0.39569493212712925,4.1762813704566035,0.12065965249466676,1
0.24609375871313477,-1.6341446540156719,-5.155696257148686,1.1661710387104969,6.408159746953472,-0.2681302776228771,1
0.20951007731354743,-2.774144642570316,-6.903979116293164,1.218566062877851,1.5595675543270202,-0.039366888457189275,1
-0.6618991145282698,-0.8581954320211964,-7.030756797678545,1.9493521726999374,2.494137913638145,1.171360904278411,1
-1.8153455316030964,-4.107029211049581,-4.683135812153619,-0.725237777512511,3.7277698360960363,0.33856134903294355,1
-0.7842574715035264,-2.7369137943108663,-6.001311362671314,1.0353453262467736,1.7456895890454418,-1.011938708918247,1
0.7332708155410801,-3.896515936807349,-6.928949712841931,0.7468866041715974,3.920721965791199,3.1239791942053,1
-0.8632681797161452,-2.5174990095685743,-1.9733109939082496,1.02711355864027,5.9995641720736295,0.6708760715847979,1
-1.097167790049232,-4.482421691112261,-6.25484141892174,1.1173609207254522,5.194252255651808,-0.4390537330054738,1
-1.3247701808003978,-2.6383609794252982,-5.920106098666274,-0.5108964400958901,3.0871058047272903,3.2209640817604104,1
-0.25530790204585,-2.008140743079022,-6.01839043256278,-0.5831715097873482,3.1168300833966835,2.41416239137106,1
1.515866049394103,-3.4210394073528976,-4.908216840506142,-1.1138462059201728,4.627494259209461,0.17707925285855208,1
-0.387276284966796,-5.912700534089396,-2.6406914544348115,0.2244326747124054,5.100908053263424,0.720297689571376,1
-3.618570839908108,-2.394294865876408,-8.553393251222854,0.7162113788015341,3.1903817964910104,0.7084968334930797,1
-1.5785892341751158,-2.0171018618505654,-5.060498529896958,0.7640029765888499,6.071704021349822,0.018666481197269547,1
0.6425185187496953,-4.969873506926634,-5.338594958556346,0.24108375514682312,3.291458739858183,1.6568940770781535,1
-2.0514260869045096,-1.5615011529111773,-5.3123236318240625,2.015477150258087,2.8836726000712485,3.2568223806144725,1
-2.0309375475786915,-2.4760878644987643,-6.185576280010978,-0.7772497544182888,4.370032452901897,-0.03763871355643689,1
-0.5478812233263332,-3.3229036325211982,-3.4881488983322013,0.9587679428236876,5.71313771388347,0.5472759631620102,1
-1.5547675672748997,-1.631527145002236,-3.101596145961625,-0.0742083523241886,5.404222718915379,1.6118058197337635,1
-0.9229340793569982,-1.1988626653005934,-4.038261376421237,3.3528991264884374,4.7715117862997,-0.06414127652791879,1
-0.3073754407666038,-2.7207057517625235,-2.635927502759309,0.9309908390746586,4.24336079373774,-0.32295681745490656,1
-0.9906856177238497,-2.6986789686756087,-4.761184469516219,-1.3654901687335252,3.8225877222548164,-0.011159375930380966,1
-1.8169824892539923,-2.991846228406331,-5.253271939529364,0.4661025624059625,4.042048788424356,-0.06066269394308732,1
-1.6185513032790433,-2.9656547703529013,-4.442031392480682,0.2725783567700796,3.2992894239182378,-0.13051776529408332,1
-0.3710967838717807,-1.5381651369400322,-5.669419029755372,-0.5979069690645927,5.12651966503519,2.1419108581503523,1
-0.6586143209183594,-4.519385188243913,-4.848164242004597,0.8051580738932955,4.13772462997856,0.7723544081085139,1
-0.8601929749603812,-3.05640188285308,-4.685679193366913,2.827105953298327,2.8145628061336696,-0.6922510419923166,1
0.6744180729452154,-2.789831774794244,-5.658453752923408,-0.6180638476836345,1.6403533899795204,0.30149989193093046,1
-0.5667044218962797,-1.547180575090597,-3.9084066754157227,-0.2519753486638473,4.326719455211581,-0.4567316724137114,1
-1.1031108712593416,-1.357547889076152,-6.189789748176672,1.9273648348856331,3.598506281559721,2.107128382544152,1
1.2320927732890323,-0.3745642322214273,-4.640869818475153,0.6481560288624615,4.767662983967542,-1.0696588399221931,1
-0.9753609285976732,-3.324765988230425,-5.113118484896745,0.022844361366929078,4.057546303551578,0.10578179177941749,1
-0.34597739836171654,-4.626462558198828,-4.759599491019823,0.559175740191185,4.302581912869387,2.626577537688513,1
0.24847338687638731,-1.9172569331932277,-5.873381749565614,3.081835808508174,7.087227237899556,-2.8061296857442235,1
-3.4146033952708716,-4.719936842980434,-4.347134074850229,2.865168971744329,2.1781562271168786,-0.021411993524482975,1
-0.43269449241280716,0.5743902834394126,-6.0046660686649425,0.15409696622209773,2.9358595095872024,1.952187890837866,1
-0.7062873136736296,-0.470653744330757,-3.904909206724313,-0.7328041265523064,5.254073303224683,2.0013469716438506,1
0.8635102662682974,-3.6336011635729837,-4.468609915993937,1.1858590168177652,5.470997523961205,1.593049760651243,1
-1.1170868242558583,-2.908586958416758,-3.5552245016688238,-1.0671357779846882,4.217708304430446,0.5622284417236156,1
-1.615916054169889,-3.2643082153536986,-3.5344579776134357,0.8208831324677608,2.705577228893662,0.5423549624601298,1
0.3941310389428532,-2.442034439191249,-4.596018184729137,0.15318764568992377,4.68507154477806,1.327887970729158,1
0.9632656935396313,-3.0141419278399644,-3.176058881747663,-0.6593685172199253,4.802381178024942,1.4409245659713994,1
-2.3604594806451473,-3.202740908998422,-5.895990638584647,1.0353698452518443,1.610738404748111,0.33620193005624904,1
-1.15551177358705,-2.9265279640033204,-5.113568826000204,0.4438579449331366,4.083252106004465,1.867583069863234,1
1.0968774966901507,-2.0259838548104177,-4.226719003072217,-1.338604948994481,1.9885315998211621,-2.901460302300112,1
-0.44847490613700114,-2.489747326407551,-4.2069123201585095,-0.7407848216420421,3.386093069124845,-1.0844770463565152,1
0.4686259586052406,-4.370758355232795,-4.187025967407535,-0.20084344706406998,5.550630895994448,-1.2141265852047622,1
-0.38700760301858517,-1.0439539104784366,-4.62606557276706,-0.015053359946236577,6.239704485607842,2.5222085363730806,1
-1.7539245420018545,-1.852986884463793,-5.491083993497244,1.1308754771900968,2.8173137882988044,1.549907089579266,1
1.5969198748224827,-5.1377599483935885,-2.5660734807286425,-0.3657516276531697,5.185778426250731,0.8777727104069288,1
-2.1385135915009985,-2.771786565978376,-4.872531022908154,-0.26050663125594264,3.0630461211291067,1.4324611309705635,1
-1.1757607657748383,-3.106303889170072,-5.895436188877933,-1.3722469635483399,4.341120129489001,-0.24701272747212888,1
-0.5320076874777275,-2.4382043758623055,-5.234059958343099,-0.7520694365150393,2.8142449358996284,-0.8304367110181138,1
-0.09763371691304334,-3.6871685181765423,-6.644245238031088,1.1023303459674627,4.236725327369018,-0.481244461371119,1
-1.161969423696335,-1.8341085359509335,-5.836878556934282,-0.5649423167647333,4.846504208207354,-0.7993799544604464,1
-0.9129032838683964,-2.0996395095950287,-4.403710279244288,0.48168660292157317,5.490840619857119,-2.1765819113041482,1
-1.5805071873154706,-1.7025867137669337,-4.971554641082334,-0.32973703059015413,4.26487265078197,-0.9266734904741788,1
-1.1917500446475757,-3.9755969059492324,-6.411979561690218,1.6394508947683937,4.279096912531246,1.013089179089983,1
-0.6189258645543212,-2.7465317794710273,-3.26518493371967,1.0843761167997776,4.167327349653748,0.9882693077481581,1
-1.532600134171294,-0.9556373126796365,-3.647754329779095,0.923609414289856,4.198587860932803,1.4561802651772988,1
0.5210368000905354,-5.828217717737415,-5.3870398350165996,2.1531520727130586,2.173731323280427,1.1019191064805605,1
0.04530432461728551,-3.4107068555655116,-3.9449028298408955,0.12164728396967184,6.289536113171556,1.1606398442825918,1
0.05054219248404046,-2.6720513995647597,-3.7472049620562604,2.8884713581448818,4.119526882899381,2.6579069831828743,1
-1.1357291886275904,-1.738481146809914,-5.443919807250501,1.104099865445709,3.6373857458867436,0.18306758466992645,1
0.8636179529585277,-3.0865404816378286,-4.064612860480006,1.0637247187550707,5.535804624613999,0.19746394306251008,1
0.4752637100195718,-2.1415424241920276,-3.499547274038097,-0.518935995795111,4.3076629575064285,-1.2811604596349109,1
-1.0643838261711966,-1.4192652653728135,-6.983252661010249,-0.05500995767633854,4.436025922351275,-0.481411850621839,1
2.6601709340517505,-0.758534392236861,-3.9511825395034026,3.9282458020087048,-3.7949473670030516,4.34463917706641,2
-2.0547180995575873,-2.104072831293651,-8.403246346447169,6.9122671762869645,-1.4601506811394056,2.093754854309587,2
-1.5617080116097066,-0.13879832061919395,-4.389006437451852,3.738284277944251,0.1462902815235616,0.9906085739333961,2
-0.27594467709758297,-1.8237784725870756,-6.890381453740609,5.230236321937801,-0.056501279841283836,4.4616830712015485,2
1.543165622659011,-0.3168447778219814,-7.239654329228279,5.336873539443723,-1.1456815529330306,5.80754590994548,2
-1.5520581845848265,-2.059479614637988,-4.350695486053609,3.9181092307894834,-0.7114445388094374,1.768684583971732,2
1.9197266218418452,-3.1151217280413186,-5.04057154101785,4.947384396245833,0.9972857870710774,1.211583257693863,2
-1.9524896137311516,-0.6760185296114943,-6.148085685624588,6.245718805894554,-0.6199319809809096,0.12420610420365708,2
-0.1481565111156851,-1.500938234742196,-2.9676453393816056,4.778396397069787,-0.5985470950247845,2.740492007014141,2
2.56276096730324,-3.4801167590945146,-3.023708030941508,6.290494407715568,-4.783691547315803,1.287002830851764,2
-3.6730315152806567,-1.1764658346847874,-4.864843628276538,6.087646983808596,0.9333686551181573,2.4437427550389885,2
0.9787988476876991,-3.0381996964365885,-6.948618957036334,4.893795844629581,1.1832943551558097,-1.0679092306078815,2
1.1528421612183444,-2.4846949722348444,-6.196121443621222,7.4207395051657175,-2.3843757068680205,3.7770231108858163,2
0.027079793181440437,-1.7203775479302472,-2.7183902533801603,4.974117083735534,-2.3569702292504844,1.45726118078644,2
-0.0997963758109792,0.282704044133104,-6.316157688010012,3.905915048059733,-4.033550769383336,0.8118067079267867,2
3.494982818850401,1.4425653111773968,-3.2341431322930942,5.383019512837823,0.7470970673983217,-1.7168438010654006,2
-2.836931856877487,-1.1466055604918801,-2.8861684141476274,6.483390868207355,-3.768727713614999,2.7761028658834386,2
-0.9794712530538517,0.7186810400477842,-2.3331093726413434,6.236362268276972,-1.487928246325084,3.0467563373774516,2
-4.040950571850595,2.3195240661569048,-4.334151094548266,4.281735292814965,-4.209415950953505,2.182404732830167,2
1.6910773166755544,-0.8918214386958864,-3.9529515324539433,5.203430391865149,-0.5299107978111652,1.5304432806519184,2
2.2922807221069976,-2.6238942293836174,-6.158857842289893,4.98903386087991,-1.4775274119462896,-0.9517454292495007,2
1.7842603437490252,-1.0465892003946218,-3.614434145257733,4.315185140646791,-1.037031355558148,3.618688651583613,2
-0.5438022725439247,-0.32925750140434373,-4.601060172044177,5.578267749153968,-0.7971711979260669,1.4356805557641177,2
0.4221012277390052,1.1959496718155394,-5.454624853608324,5.340422314624225,-2.543578620386708,1.8116769465016944,2
0.28443660718700386,-1.0128684454382089,-8.65140258063079,5.801535881231717,-1.379501538432886,4.2756601237253005,2
2.545630524405043,-0.012669079966506458,-4.914770834846254,6.163052696852078,-5.1808987032050435,1.7811526216346083,2
1.8660430571153295,-3.4938288027584457,-3.0154650096390796,6.4110102443551975,-0.9294579021879703,3.416892372909767,2
-2.1556272890733412,1.8439552760671436,-5.047811962201446,7.90417075553051,-0.9699792758325756,2.34616724176181,2
1.1203170856992892,-1.9659446777945693,-5.47862554293778,4.8896453788055725,-1.6422561663699515,0.8417261363041926,2
1.775458845477767,1.8734617745530873,-4.688507601864712,7.661137050534926,0.010319736310528071,0.041568003823216015,2
3.5725730832430873,-2.969653570004,-4.441174666870557,6.0282752427260125,-2.791217750204477,1.3905317266153452,2
-2.631339661806233,1.257356879838825,-4.085623460214589,2.82721854493783,1.5363692077806053,2.618780010921798,2
-0.6681896695486776,-2.4901468965172344,-5.816255936587403,5.368275991588532,0.5968583293085512,1.4248740054006162,2
-0.23005322279157966,1.3892087879669615,-5.479719118501162,10.040640484388895,-0.3567923194600573,1.5707996680226037,2
2.311581654575569,0.01520103528599015,-9.09477926718237,3.98892428609928,-1.6886724530427604,-0.5664652224382949,2
1.9460322736224849,-3.3613984087552904,-5.755346767707296,7.523893608161871,-0.13101148518925765,2.818337258888355,2
0.184706610764088,-0.5011152101204828,-6.080467927828519,6.802608322647252,-0.6933891515990532,1.6313889488059032,2
-1.9794508811354938,0.4251481395202451,-8.706803621814373,4.624520834318405,0.2823153625803261,0.2814628817441762,2
-2.4150400696777083,0.594593434277313,-3.5201699169457226,4.809958999704049,3.7411756381855885,-0.39505497881405915,2
1.140655635257271,1.9575867752113338,-6.703103056311203,7.648262554354401,1.1984781904481943,-0.24665975720175748,2
-0.8339913583483228,1.9351001178447906,-4.9098488046960345,5.587669183987377,3.0157420238182033,4.936376839596107,2
1.894596331479579,-2.3783761815294016,-6.330424931012221,5.085611238939269,-2.5591708527931836,4.461791794430654,2
0.17872039776033102,-0.7687858350129598,-5.180099033898834,6.1592087936130495,-1.4658858388908638,0.8194385070295415,2
1.6203939095909736,-3.5858024842712957,-5.255223553802698,6.033670140302064,-3.2546788269427545,0.7854503800589234,2
-3.814623040773113,0.4305043279989832,-6.4665348121078345,4.528402375985043,-2.098702493201002,3.555891632867977,2
-2.442387855931538,1.8516773419027093,-4.732076483893066,0.5774716649317391,-2.871399685189557,-0.5630522182834379,2
0.24055493550494733,0.40511278575883025,-5.301230174172627,4.00013717864957,0.803901093663657,-1.4974780934759218,2
-0.23051588052787322,1.2417607942028974,-8.20496601488109,3.9920576095818445,0.6992485715444792,1.7387778934531108,2
1.6432398363810483,0.9143014347895358,-7.779224536558255,9.379123509043335,-0.008096280023792257,1.8566334089975436,2
4.756671362980698,-1.148640190453873,-2.261646213817003,9.833664301508266,-6.119714067844532,0.22130133857738432,2
1.1861416092562376,0.26650915170225764,-6.1503708048968155,6.209826797891585,-0.04017407454435329,1.6935493465154232,2
0.4127017527983689,-2.052104263583651,-3.986840846845566,4.559585005640972,-1.2113127659222238,1.6699664336600653,2
-0.8176078607946419,2.1677991189506467,-5.766385840123792,6.59153648045575,-1.2858928903471676,2.3675592886819024,2
-2.793368937786689,-0.5328520197325317,-4.98158773863149,9.207298929628488,0.08778488232081783,3.7939844453547176,2
0.15599070022257364,-1.177834839829126,-2.7076833652962957,7.620011469830162,0.9704343326711662,0.8133875048115979,2
3.63014381004423,-0.3846784632141531,-5.325905422390496,6.706695902935116,-1.5319827414306788,3.217588805590413,2
-1.5993375039424176,-0.4039649149090023,-7.7753667661882755,1.2173616958111122,-1.9768625636148,-0.11088858110953237,2
-3.5648828875541354,1.0549560069022532,-7.7887274143697045,11.185957744461174,-2.784362602268126,-0.519335568224101,2
-1.3367728058354051,-0.9835469336618647,-5.520895040733029,7.269684803175467,-0.6391952448783358,3.114245091273156,2
-2.254280934451335,0.5212093366598393,-5.143016220867244,5.038643609640302,-2.780555610772133,2.010047725267826,2
-1.5613554508918077,0.9591957441265709,-2.22249407484369,5.319364854391713,-0.6374117652583862,1.361745955534614,2
-1.7712449104505052,-1.38845492737464,-6.004365489438849,5.014785942153809,-2.7619391965050974,4.206261584956202,2
-2.4639363142008888,1.0827772398880695,-2.8397963330861984,3.9705199648472274,-0.7354631790822027,-0.10389395076030228,2
5.014325564581297,0.5673377415794613,-5.630324488140603,7.0623877240337585,-3.7687966703025797,-1.4594117243849816,2
-0.5398728788902912,-1.1757006112595276,-9.165832782611098,2.1807779239455574,-3.145259212729991,0.009063245630500871,2
0.38299162185610325,-2.306067489370354,-7.145375661383957,8.14125961588828,-1.6419273314799383,2.4100886755182986,2
-1.9381299746982439,-1.8090602338530912,-2.423098349184949,6.743297553809174,-2.0832134759862826,4.533430458572387,2
-1.8089791260776247,6.3058650962045135,-4.928865654498278,1.5739770748540218,-3.0806232465744277,2.2403977918315223,2
-6.18090245993383,-3.72781625884437,-2.6098851397054834,6.49620747673327,0.15875461369745003,0.7013427647370457,2
-1.0077650119165822,0.35352895724147626,-4.525520107678818,7.874960170088705,-0.7872182317934466,3.0078523869785956,2
4.005854255974142,-1.7640807231766886,-9.333376902136342,4.328329328747595,0.43074764934955256,0.7929501971663282,2
-1.1062790261948887,-3.90201193818088,-4.60490130201671,5.088504801228553,-3.6239402744769635,-1.0064477864365275,2
-2.803384782465915,-1.949656926935499,-6.633431306895805,6.824728572744064,-2.909796617959447,1.1803951755844295,2
-1.502293741104849,-5.3772884645181165,0.04243654145832121,6.741953594190713,0.35573336935158495,2.3042140377657416,2
-0.881815739726351,-0.3487653149345146,-4.376057776505858,4.017559539330564,-1.2919743836073225,1.3337641069898893,2
1.5710329246402361,1.847235392402057,-6.897662505274454,4.045637579834066,0.9089462841220168,1.2921035926061852,2
-0.1247944871564263,2.28669614592076,-6.830515047558974,4.024709315745108,-0.9820436289219279,0.16177754846004255,2
1.7059617321118894,1.1017151499742504,-3.3940109921621424,6.957243217810604,-1.5649329269380043,0.15512206803400508,2
0.00021714304795034112,-1.279362609636173,-3.904549995848534,5.062359934159146,-2.219397187209969,1.0212348299204481,2
0.7791761815312497,0.6105252974917826,-5.0024268816784145,5.298709399285815,-1.0105974018577535,2.240777538882429,2
4.578018115518393,2.113780491527897,-6.506779973642953,2.0826328548198503,-3.891190411057634,-0.11108406549961258,2
-0.4019371838326373,-2.7990294608985375,-4.092360685572345,5.969400037349813,1.114164636214055,2.5505375944365265,2
0.03472271412678052,-3.9869663661627723,-4.452533686024047,5.419918208666543,-5.9574317283687215,0.09057889678686859,2
1.8986732080278312,-3.611763543917858,-4.830514374517731,6.16370660153433,-1.431756293844168,1.6585801803224596,2
0.08643074200623505,-1.4849219909396871,-2.647816983854358,4.650083864051704,-1.5683789457046036,1.0619030222744763,2
-1.8325885125716654,0.1901600939794953,-6.089967038200408,6.465143473348712,-1.9703785860541583,2.1643609277151854,2
2.1316137160521937,-2.6605997456724273,-3.6008383529705865,6.214091621175388,1.807907521150566,0.2571800074811996,2
-0.42066556467109495,0.4974826663693205,-1.553476981065037,4.797933114242264,-2.800770981923904,-0.5399025488769955,2
-1.1837976799358707,2.0986133861768024,-3.490204366719953,7.368237492402021,-1.524013922482278,3.6186046261221585,2
1.3603963095292735,-2.294771710100754,-3.9840576966048484,7.289296559250287,-1.8883884375794835,3.5837286702664986,2
1.817683952793354,-2.7507023497715486,-6.141790227734914,4.01402427355527,-1.38706656733191,1.4832259636594243,2
1.6485216583041649,-4.136475522564477,-5.366029228360953,5.3024952892047645,-1.0601088545177952,0.14017249534195897,2
-1.5396790017729596,-1.33464331232119,-5.311036232158457,6.980585788343781,-3.7585098905537406,1.5283441175440255,2
-0.9236731692848005,-1.6250310573955515,-5.690606740535087,7.138727797113459,-2.3419617547516953,0.5762930585702783,2
-1.2611167636395868,-0.9933372133340512,-3.103338590650388,8.874376956183998,1.4245161415842214,2.141966457620021,2
5.110647882703338,0.7990958251028383,-3.1997483882477216,7.100948245476876,-3.519982763668541,2.923631034979679,2
-3.767954086342309,-2.3550663800357725,-4.2708245803457086,5.9080446698025675,-1.750133742425637,4.021221688116007,2
3.98898552425722,-2.924571943347644,-7.026965688886497,5.186559011975017,1.32385964068602,4.946392434160151,2
1.7942743924893672,-0.8474458939717608,-3.0291177028044896,5.209981642506324,-3.6625130777581165,2.9288827426212976,2
1.5470595847331565,1.04982404148094,-2.883035608497314,2.8986634608423603,-0.9417641682096394,-0.9657462574864644,2
6.002829706741222,0.0213779729608371,-5.98999674005578,4.639766872758698,-2.6719405096438344,1.3503912244454224,2
1.1230005380702053,0.5164817777804213,-1.0369899508275915,7.4750966607264715,-1.6816040581285463,1.2369407508086918,2
2.3490134313640185,1.2363485589626522,-7.141523271965006,4.7076020031200745,-3.308896541423431,3.1780185647831054,2
3.839555967350983,-3.028958330781173,-3.8966348038032734,6.593849936846096,0.5863772590845864,-0.5737986708800618,2
3.3600704331101965,-2.704690002884323,-4.596634253168881,4.14604965667262,-3.0750481108126597,0.9138699388901408,2
1.779412787037759,-0.5970165086156476,-8.468859945378064,4.477716537127893,0.758182301038651,1.173843851964131,2
-0.5445518583385639,0.2696625389106958,-5.553715643591186,4.463249442607617,-1.128578133374944,0.8111489878170285,2
-0.30120384838958736,-2.5092811891241196,-4.381770807298371,3.587802058989994,3.8655150760878656,3.682629824241961,2
3.672866737217568,-0.3282993732881573,-4.588413613992177,1.8420410334112147,-3.5724335843005712,-2.742980720473206,2
3.4505300191062083,0.008713212525694458,-3.576003815782212,5.43072674024883,0.6922404724311351,4.240137441655092,2
2.341555509763813,2.073625146394845,-4.279831266381754,3.26430637690313,-0.9632154669166728,1.4294708434436258,2
0.008741062869349253,1.5768213417425274,-3.9485233712071692,3.460278000818432,-5.285930966404311,2.2930970089300216,2
1.8820837497159384,-0.6297702549156919,-3.2423845237799105,6.414615342994532,-2.656534415723158,1.0706814110324725,2
-4.005131076313406,0.18173464769300485,-5.358569840406222,1.0020979669350414,-3.8890444324374642,0.25740587981419116,2
0.16391406624714122,-2.0840571081142674,-7.414054983679334,2.2547179617781437,-1.967465302715177,1.266586618322602,2
0.10172861691632276,-3.012739107231227,-6.150626456693056,6.103314861045153,-0.6845505806803241,1.1655481625275486,2
2.296954804687241,-3.4782397036805777,-6.528658823426882,5.820108153111306,-0.22316288237827275,2.277104091886595,2
0.08077480713035137,0.15531912085814215,-6.996635794576526,2.9310085067266582,-2.361277579214196,-2.3045374130892746,2
0.6136160487028244,1.9336686501175735,-4.176530959378665,3.265003138816089,-0.592203702946206,-0.8746643405698702,2
1.5141143597170235,-0.8504494112691221,-4.516555835407745,8.163667895431889,-3.675907019485025,-1.163499141023895,2
0.6035992308427498,-0.2820535145983674,-5.302073587842731,8.077750127180556,-3.8710263486352274,3.657536378215937,2
1.645588844080582,2.231529368811675,-7.27663590113901,5.623279105567647,-0.24261964315005247,-0.12095567436924193,2
-3.6108198295652283,-2.5785247266350706,-2.8476404621932354,5.368709896477358,-3.4572173178932912,1.4094920944527838,2
0.3348764386245088,1.3331028282103228,-6.641074145363544,7.582810138280458,-1.9715746437064428,-0.903789440330327,2
-4.23860272982433,-2.326993404655547,-4.929067430488199,4.536941629398417,-0.8490740497402411,1.831349660765846,2
2.7594460825496525,-5.121881804513734,-5.775122729882363,3.7337183148994075,-2.401519375212923,-2.7389002258929067,2
-0.7116858621402599,0.5528743009051899,-7.049133604825883,6.03032334930289,-2.789429032962974,4.9034638770136345,2
-0.7559016909251653,-1.5093934881560265,-4.335133421942622,6.451781670489707,-0.41112290716205635,0.5184644700689043,2
1.7291159096992312,-0.8975446275002238,-2.9511518119311084,4.0567248379196,1.090676510330189,3.371499575646671,2
-0.23327553595202463,0.4660491297327848,-6.909411596817871,1.1676001572248031,-3.2555386580041574,-1.9862457074936968,2
0.5349643092153445,-2.0724209347038136,-7.724166282216228,6.655313256703501,-3.8573001162032132,1.2325364359454287,2
0.8076228838615439,-3.378884645762929,-7.299490155871572,8.983450165415462,0.3284139901536962,-3.5260263428696024,2
-0.9317681054152626,-3.336098225067964,-5.5599183725036125,4.631610951972949,-3.545507242988913,3.4879054004721897,2
-2.097404516421365,-2.5188334306802176,-3.610997859853876,4.802798092142313,-1.376487846883444,2.0122139764018683,2
1.473916075095061,-3.2301521978272096,-8.47729099477839,6.928213303448135,-0.6697870397026485,0.2864638803253967,2
-1.0132049897401625,-1.6793913340354671,-2.622436084838661,5.010794267058403,-3.714019078832659,-2.132317740778043,2
-1.698082801769653,0.06590796356999606,-4.96835606873789,3.9068740764235192,0.9806447329644508,4.412427740947648,2
-0.6239132858690397,-4.016297129887981,-0.8123166223109362,8.008769793775727,-1.4728474103458378,1.2526173962658964,2
1.3718792166404012,2.496942729675303,-4.5200996375392934,1.3247594313898463,0.9212606912043619,-0.3722618283536514,2
0.5113617666304748,-3.861060559647629,-4.50784006624129,5.239145262551592,-0.37437754596222783,2.0667362621257266,2
-0.046058036327649904,-1.8240532192267231,-4.740027437873194,6.540810113243039,-2.546403871493749,4.7296269045803,2
0.33070063686600987,-2.1007770652728315,-6.190541294734132,5.852621853416381,-4.238857775168634,0.23226652460591724,2
0.7134532044851939,-0.6054615917684755,-7.5491382094927015,8.488118448370933,-3.4023920032003008,2.8209919512920303,2
3.21303021054453,3.0452027930968937,-3.394689944854579,1.7618531792476269,-2.182558621731803,1.8334853784762375,2
1.579176119856808,-4.297200255423493,-3.3545776938049237,2.5526103341175914,-0.281298146102819,-0.8708106632507655,2
0.3437465985973998,-2.7462403976681675,-6.998642525655462,9.292538040226876,-3.7180086328885342,-0.028346394833086652,2
0.851891186611537,-4.0622306904581675,-3.1070960428444274,3.176990096316915,-2.3980158128002262,-1.7018216838667937,2
0.18415306382978258,-1.388633686257314,-5.421562966562617,6.748344906665288,-1.0654585325978014,0.6589986351239969,2
-1.2653808369166506,-4.533965931793372,-6.9044635124942415,1.796964860591543,-1.46400216663809,2.307805527744687,2
3.269512206553372,0.5233474410479445,-4.012441188380565,7.770724104870444,-3.452846945126593,0.6784462968808207,2
