12.909,-7.502,1
6.4216,-3.1977,1
5.0912,-3.9255,1
-4.0977,-0.47426,0
9.5298,-1.5004,1
1.4441,-14.383,1
-10.09,9.1464,0
3.2814,-9.8323,0
-5.8524,0.30953,0
10.723,-4.5485,1
2.018,-4.2035,0
1.3758,-1.7742,0
6.6333,-0.58595,0
4.2773,-8.937,1
11.233,-1.9018,1
6.0955,3.1058,1
-0.54865,4.8791,0
6.978,6.1619,1
5.9499,-1.1838,1
7.8235,-5.148,1
7.3244,0.68029,0
13.602,5.0157,1
-1.2177,-6.9535,1
4.5684,4.3289,0
-7.6504,-4.0855,0
-0.25142,2.586,0
1.3285,-5.9695,0
1.7365,-5.3864,0
13.812,-10.246,1
18.18,6.7601,1
-0.10687,-5.0745,0
0.036395,-2.224,0
-1.0368,-6.9792,1
7.0161,-2.8848,1
-6.1872,-3.1637,0
14.635,3.4657,1
2.7614,0.58282,1
12.64,-0.90802,1
3.826,-6.9466,1
9.8986,5.6535,1
1.1463,-3.2735,1
2.3313,-8.2017,0
7.1422,-4.2617,1
7.5395,-2.1559,0
0,0,0
-4.195,7.1121,0
5.5658,-9.6843,1
7.0828,-4.2011,1
11.333,-1.2284,1
0,0,0
7.8724,8.1138,0
-0.24194,6.5245,0
-0.10822,6.7245,0
0.1918,5.2734,0
5.0761,-7.913,1
0.82747,-4.4959,0
-0.57557,4.6572,0
0.25069,-6.0934,0
12.044,-4.5715,1
8.1257,-0.75678,1
0.3117,-5.989,0
-5.8976,-3.4583,0
2.6082,4.7531,0
7.8027,-7.608,1
6.3419,-9.543,1
8.1526,4.1244,1
2.1313,-3.9472,0
4.441,-6.1369,1
-0.6631,1.0671,1
-0.59259,1.172,0
7.8665,-4.4663,0
3.0635,-7.669,0
1.011,9.6886,0
-4.0213,5.9207,0
-2.6407,-3.1844,0
-1.1386,-2.9339,0
4.2467,4.8624,1
2.9635,-8.5522,0
15.741,2.3638,1
6.074,2.6516,1
9.6861,-6.4225,1
-0.86428,1.4871,0
7.2166,-8.3311,1
-2.3442,0.091007,0
8.3374,-3.8773,1
9.3028,-7.8518,1
3.2752,1.5909,1
9.2662,-0.25252,1
4.7563,-6.1588,1
12.912,2.9312,1
6.4666,-7.9413,0
-2.0479,8.0319,0
-1.8027,-3.2314,1
-1.8405,-6.666,0
-2.8632,-0.595,0
4.8908,-4.0751,0
3.5172,-0.15663,1
-0.89987,-5.9572,0
20.041,-6.6183,1
-4.7583,7.7866,0
7.3101,-2.5633,1
6.6014,-6.2089,1
-1.9371,-3.5474,0
4.7979,-4.1707,1
2.0341,6.0421,0
13.097,-8.5016,1
-0.038489,-4.1989,0
0.57043,-2.9926,0
7.7849,7.6752,0
-8.0229,-7.2184,0
1.9151,0.89284,0
1.1073,6.5778,0
-4.5973,0.084144,0
5.0084,-4.9424,1
9.6185,-4.1374,1
9.4902,2.4186,1
4.882,-8.3923,1
5.5544,-4.8834,0
-3.4045,3.9809,0
1.1277,6.6937,1
4.737,-0.10891,0
2.8241,-1.1191,0
-7.5605,-2.7625,0
3.5327,-3.6143,1
-5.7355,6.6193,0
2.8307,4.5439,1
-1.1363,-1.6581,0
1.7207,2.1269,1
11.225,3.413,1
6.9002,2.2628,1
5.7165,0.5484,1
-0.43565,-5.3791,0
6.2518,-7.5141,0
5.5437,-1.6616,1
7.6342,-2.5471,0
0.059275,4.8997,1
-6.8324,3.7142,0
-0.053497,-2.4267,0
-0.31514,-0.35327,0
14.503,5.3692,1
-1.5398,0.39884,0
-6.2937,-3.5071,0
-3.8845,5.2557,0
4.7031,-4.6289,0
-5.2213,4.4227,0
-1.6123,0.6646,0
4.0382,-7.1717,1
-0.87327,5.4602,0
-0.33203,-4.3049,0
2.2238,5.3016,0
8.1424,-10.939,1
7.1209,-3.7832,0
2.2649,6.3912,0
6.1071,1.5552,1
2.1101,-3.6128,1
-9.9586,-9.5986,0
8.2941,6.3389,0
12.64,-3.0484,1
5.4967,-3.9976,1
-5.3289,1.2975,0
14.346,-0.22911,1
3.7182,-8.0191,1
11.041,-3.9337,1
-2.8736,-1.382,0
11.315,-8.0948,1
-7.1282,1.542,0
7.2318,0.49911,1
1.7774,-6.3035,1
0.79176,-0.26912,1
1.5944,0.96535,1
1.0744,4.8042,0
8.6372,-12.194,1
2.0257,9.2182,0
-2.0715,9.1288,0
2.5175,0.25618,0
7.6899,5.3005,0
13.623,3.729,1
-2.076,0.75255,0
6.7031,-4.3972,1
4.1972,-3.1415,1
1.7461,5.4364,0
13.708,-8.4392,1
-1.7835,-5.7579,0
5.7695,7.1928,0
1.4248,6.115,0
2.6179,0.52891,0
10.658,-3.9336,1
4.3087,1.0738,1
-6.9254,-1.2013,0
-0.7007,0.40266,1
2.1806,3.3802,0
5.8359,-0.558,1
-4.1777,0.046867,0
-2.3003,2.9268,0
16.964,-2.4388,1
-2.3166,-3.257,0
6.5347,-5.8757,1
7.0709,-5.7112,1
10.362,-3.3083,1
0.49924,-5.9819,1
7.3287,-2.4907,0
9.678,-10.485,1
1.2033,1.4769,1
4.3991,0.93121,1
4.6765,-5.8462,1
13.876,0.58089,1
-2.9224,4.039,0
8.3455,-4.0385,0
5.5152,0.40423,0
12.543,-7.8355,1
4.5816,-4.4129,0
0.53891,3.9868,0
10.728,-1.7774,1
6.0948,2.8309,1
7.2479,-7.2734,0
8.4308,-3.7842,1
-0.93016,-1.0387,0
0.52423,-3.3759,0
12.182,-3.59,1
1.2095,-6.1652,1
4.0717,-3.5085,0
6.5416,-2.9636,0
6.9919,3.6788,1
20.101,1.1026,1
10.639,3.6252,1
9.2699,-5.9195,1
16.156,-4.3776,1
0.51952,1.7964,0
10.336,-12.45,1
4.555,-1.5301,0
-3.4605,1.9563,0
12.559,0.28919,1
5.0643,0.11052,1
0.84331,-3.1018,0
-0.60276,0.3226,0
7.8072,-5.5199,1
4.4702,0.28142,1
5.2622,-6.3136,1
10.697,-6.2349,1
8.5512,-10.413,1
11.924,-8.8615,1
1.0007,-4.5174,1
7.1134,-1.378,1
2.5049,-2.632,0
-0.24194,6.5245,0
1.7341,-2.432,1
6.2993,-6.5869,1
4.2499,-4.8262,1
9.8557,0.31871,1
13.976,-10.074,1
4.7249,-0.71855,1
6.2566,0.48528,1
4.2014,-10.789,1
-0.20735,-4.7476,0
-4.5541,7.4892,0
-1.7516,-3.3573,0
3.0539,-10.5,1
-0.24194,6.5245,0
-4.7336,8.4155,0
1.1537,-3.2248,1
-2.6189,-3.6349,0
4.4343,-2.206,1
8.4298,-1.4199,1
5.7165,0.5484,1
1.8598,-5.6103,1
-0.18911,4.8103,0
11.24,3.4511,1
-0.092738,2.7676,0
6.1032,1.0772,0
5.4331,6.3591,1
-0.12888,-3.1562,0
5.7165,0.5484,1
2.5871,10.213,0
3.635,1.7575,1
7.6617,-2.4653,1
5.7911,-3.733,1
8.0867,-9.5435,1
11.615,-1.9365,1
-2.0443,-4.3615,0
5.5918,-9.5577,1
1.6939,2.489,0
10.673,-9.4178,1
7.4611,-4.4199,1
0.25841,0.31798,0
-7.7755,0.1686,0
9.5032,-7.6927,1
14.641,3.1475,1
-0.63767,-1.2293,0
8.5874,-0.94066,1
14.835,-5.8136,1
13.449,-0.19697,1
12.422,-1.8014,1
7.929,-6.2801,1
-4.2177,1.2811,0
3.1292,-2.779,0
6.2267,3.5944,0
10.669,0.28247,1
-1.2891,0.13908,0
-6.1373,-3.1642,0
4.0869,-3.9763,1
1.3192,-1.9945,1
1.3639,4.1303,0
12.963,-3.7538,1
-2.3966,-3.5307,0
-1.2799,6.2543,0
7.6874,-8.9759,1
14.33,-0.41832,1
4.3395,-11.553,1
12.912,2.9312,1
5.7695,7.1928,0
9.7448,10.639,0
-3.4418,4.9089,0
7.5382,-4.4983,1
-1.5593,2.1505,0
-4.0491,7.3466,0
9.7969,-6.3025,1
5.2955,6.3154,1
1.5332,1.3394,0
12.052,-3.1096,1
5.023,2.0461,0
7.6617,-2.4653,1
4.681,-5.0534,1
13.393,-0.97204,1
4.9737,-0.61611,1
-7.0682,4.7473,0
6.1684,0.66822,0
-7.6828,1.9962,0
-2.3134,-3.8492,0
4.8788,-0.7995,0
-6.6227,3.0614,0
6.413,-3.4319,1
10.963,-4.5923,1
-5.2201,7.5201,0
1.2246,0.13473,0
2.3439,-4.5252,0
12.233,-7.4692,1
-4.9262,7.4693,0
-2.2368,1.2681,0
5.8658,4.4323,1
6.8701,5.2101,0
-0.79027,-0.72778,0
8.1147,-4.2539,1
5.1276,2.5517,0
9.0499,1.922,1
-0.24107,2.2918,0
-4.7583,7.7866,0
-1.4462,2.8428,1
9.7763,-12.126,1
3.5813,5.2702,0
11.61,0.34217,1
9.8599,-8.1743,1
6.7245,3.5806,1
7.2186,-11.314,1
5.6682,2.0383,0
4.5029,0.079526,1
5.6288,1.8165,0
7.1938,4.6056,1
1.7176,-1.4835,1
-3.7204,2.9746,0
2.4708,-3.9912,0
7.3845,-8.8036,1
11.396,-5.1617,1
3.2995,-9.7561,1
-4.5393,-1.1036,0
7.2338,-10.673,1
2.3162,-1.5542,1
3.3319,-9.5959,1
2.8251,-4.463,1
1.6608,-7.6541,1
8.7065,-3.2847,1
6.9102,-6.2768,1
7.5642,-4.5758,0
4.8982,-10.594,1
4.9113,3.9818,0
-2.4878,6.6984,0
3.801,-6.2472,1
7.0425,-10.589,1
-3.2603,3.1852,0
4.3698,-7.8625,1
2.2637,-11.099,1
-4.047,-8.6065,0
10.194,-2.9416,1
9.1649,-7.5717,1
-8.4913,-1.046,0
2.8241,-1.1191,0
-0.93254,-2.2763,0
9.0793,-3.0413,1
6.1404,3.6954,1
8.0442,12.992,0
6.7601,-0.84341,1
-2.4029,-0.41263,1
1.5341,-10.275,1
7.7721,-2.0823,1
-2.4695,-7.4099,1
13.248,4.2024,1
8.5863,2.582,1
14.381,-9.0901,1
-6.4299,2.0605,0
8.5347,-0.47441,1
3.0324,-6.5439,0
4.6187,4.924,0
-2.4826,0.23505,0
3.7694,-5.546,1
6.2736,-8.8458,1
0.4062,-3.6392,0
4.1096,-10.931,1
0.65783,3.4684,1
7.1509,-8.3459,1
6.2966,1.8055,1
0.71131,-3.3016,0
4.7188,5.635,0
7.6617,-2.4653,1
2.5046,-0.28142,0
-0.71372,-11.932,1
0.47261,-5.0686,1
7.8897,-7.3633,1
4.4199,-6.4241,0
10.292,0.099737,1
8.8506,-3.5177,0
13.462,-5.615,1
10.567,0.18386,1
-2.1718,-3.0233,0
6.0587,-6.615,1
2.2637,-11.099,1
-1.845,3.1266,1
11.224,4.0891,1
0.62154,2.6561,1
7.9739,6.1481,1
4.5583,-5.2406,0
9.3528,-8.1653,1
13.542,-11.439,1
12.547,-3.5232,1
8.3545,-3.3798,1
6.7235,-11.011,1
6.5714,-2.8413,1
0.95117,-5.0885,0
-4.0237,2.6295,0
-0.78457,-9.8966,0
3.132,2.074,0
11.632,-6.1446,1
12.345,-2.8676,1
-5.3959,-1.7206,0
10.038,-12.998,1
0.86415,2.4426,0
2.2291,3.1738,0
5.7383,-5.1553,0
15.602,-2.3755,1
12.638,-0.51495,1
1.9937,2.4504,0
8.5443,-2.318,0
14.887,-3.7532,1
1.8555,-3.0164,1
-5.1689,0.038407,0
2.2268,-2.9378,0
3.5996,-9.3796,1
8.2441,-1.7811,1
14.701,-8.9731,1
4.0771,0.28297,0
4.4139,-4.266,1
-4.9767,-3.1609,0
-0.29121,0.74066,0
3.6267,0.33524,1
2.367,-6.6552,0
7.916,-2.4575,1
1.9759,-6.8042,0
-5.5995,-2.887,0
-8.1731,4.2306,0
12.12,-8.9254,1
-1.0724,1.0575,0
-6.234,10.414,0
2.2589,-3.6636,1
8.5478,-0.50225,1
4.7726,-7.0863,1
5.9569,-8.519,1
4.2574,-0.2669,0
9.8027,-4.2861,1
-1.3826,0.078979,0
-1.036,-6.0261,1
2.1806,3.3802,0
10.019,-8.645,1
0.0014142,-3.0663,0
12.873,4.8391,1
-0.78454,-6.1308,0
7.7423,-2.8257,0
-6.1614,-7.1168,0
6.766,1.6575,1
2.9443,-8.6019,1
8.545,-1.4645,1
10.944,-11.701,1
5.812,-2.0431,1
-5.2781,-6.6657,0
-2.598,-1.1313,1
12.912,2.9312,1
-2.8174,3.7213,0
14.346,-0.22911,1
0.74204,1.3096,0
-0.24194,6.5245,0
10.241,-4.2864,1
2.9495,7.8258,0
7.4479,-4.0964,1
10.135,-8.9481,1
-8.3069,6.2602,0
11.506,-6.4321,1
-1.2977,-4.7482,0
5.2619,-0.78856,0
4.2059,1.2715,0
-2.8772,-2.0012,0
2.3724,-7.5699,0
-3.1295,4.5996,0
1.7491,-9.4664,0
8.2523,-2.6749,1
4.9813,2.8811,0
10.602,-9.6104,1
14.101,-6.101,1
11.262,-3.7041,1
8.7139,-9.4549,1
-1.0115,-5.481,0
10.831,-1.9102,1
-0.72031,-0.60803,1
-3.1202,-1.0762,0
7.1422,-4.2617,1
10.337,-3.9214,1
-4.458,4.0052,0
5.5051,-4.2115,1
0.46039,6.6777,0
0.19232,0.92339,1
-4.3057,-8.6207,0
5.906,-2.3248,1
0.97644,-8.0365,0
11.7,-9.5022,1
6.634,-8.6698,1
2.7491,2.6987,1
2.9698,4.8783,0
10.936,3.2237,1
15.101,-6.8576,1
-0.21865,-5.8815,0
12.709,-5.2313,1
0.011013,-6.767,1
2.4417,-2.0192,1
3.8946,13.161,0
-0.41806,-6.3362,0
-5.9211,-2.206,0
-2.4013,4.2603,0
-3.3739,-3.0057,0
-0.95238,1.726,0
0.75243,1.9239,0
6.67,-4.1039,1
11.411,-0.86628,1
1.3636,-4.9121,1
8.18,-3.0429,1
-2.9839,0.18009,0
4.0683,5.2263,0
-8.8205,7.4736,0
-9.7395,2.8839,0
0.59259,-6.6509,0
3.0445,-6.9763,1
8.3779,-2.7598,1
10.337,-3.9214,1
5.6852,-9.0731,1
10.318,2.4381,1
-3.6295,3.2982,1
-9.5448,-3.7873,0
4.0918,-1.8528,0
-0.24693,-6.813,1
10.903,3.9072,1
11.962,-4.9033,1
5.8156,-12.923,1
10.251,-8.7517,1
-3.4547,3.907,0
-3.0847,-7.6553,0
3.6679,-8.8023,1
3.353,-4.1152,0
5.5195,-1.9527,1
-0.88731,0.63837,0
4.7843,-5.7926,1
11.638,-5.8633,1
4.2832,-5.6219,1
2.1259,-0.57445,0
-4.2262,0.5961,0
-0.65546,1.186,0
-3.957,-0.88119,1
3.2752,1.5909,1
-2.5328,-5.2287,0
4.6085,7.1009,0
5.4828,-6.96,1
6.2377,2.49,1
10.394,-4.6443,1
2.7405,7.3226,0
1.997,-0.90178,1
9.7159,1.1279,1
0.25069,-6.0934,0
6.1601,-1.3617,1
0.78402,6.5678,0
2.2609,-4.1607,1
3.1951,-4.3983,0
3.232,3.9843,1
1.4782,-4.4759,1
2.4427,-1.3819,1
18.104,-8.1692,1
-5.3718,-2.9124,0
4.555,-1.5301,0
5.4967,-3.9976,1
0.20412,-2.7408,0
-4.8328,-0.14435,0
2.7822,-1.7202,1
7.1571,1.3876,1
13.136,3.8721,1
1.1376,-2.2483,0
2.7867,-3.3724,1
8.5097,-2.0323,1
3.324,7.9236,0
12.106,2.9113,1
4.424,2.4941,1
4.814,-1.8639,1
-6.4201,-5.6985,0
-2.1711,-9.9114,0
2.7054,-0.38431,1
5.7238,-3.4778,1
9.8269,-2.7092,0
-3.7412,4.5384,0
2.2364,-0.11979,0
-6.5335,-6.613,0
14.545,-8.48,1
2.087,-4.4008,1
10.146,-9.3127,1
0.58707,0.12774,0
13.932,-5.1025,1
6.1773,-7.3585,1
-9.3472,-2.1464,0
5.1297,3.5344,1
5.1942,6.8947,0
11.47,1.0588,1
-5.8064,0.36732,0
9.076,-2.5633,1
8.3794,-5.1741,1
7.322,6.8481,1
11.91,0.52952,1
7.878,1.3728,1
10.431,-4.3102,1
0.75567,-6.6974,1
-2.7067,3.148,0
1.1852,0.066532,0
5.7165,0.5484,1
2.8527,-1.875,1
1.9307,-1.4575,0
2.2713,-4.6978,1
11.672,-5.3473,1
10.859,-6.9103,1
1.1922,-3.3969,1
-0.016574,4.5918,1
-2.0425,-2.9519,0
1.898,7.601,0
5.906,-2.3248,1
8.7504,-0.90518,1
3.4801,-7.3263,0
-0.85295,-7.8493,1
1.0129,-0.35502,0
1.001,-6.9299,0
-3.1041,-5.2945,0
10.745,-7.679,1
9.8941,-13.23,1
2.4486,6.7486,0
11.565,1.658,1
-4.6463,-1.5358,0
-0.72921,-5.9175,1
7.1172,-12.347,1
0.51952,1.7964,0
5.2503,-8.9609,1
4.3495,-3.5884,1
2.9368,3.7223,1
1.9451,6.0512,0
13.662,-12.67,1
4.6787,-10.133,1
-0.053548,4.8946,0
-3.867,5.8526,0
0.51952,1.7964,0
3.2577,0.99399,1
3.9263,1.9504,0
-5.4762,-3.9655,0
11.523,-10.864,1
-5.06,1.0914,0
0.65783,3.4684,1
2.5901,-7.1138,1
-7.263,-7.2197,0
-5.6134,6.4151,0
5.8256,0.8076,1
-0.0078736,2.5051,0
4.436,-1.9981,1
4.9237,-7.1574,1
4.2404,-7.0392,0
-0.84574,-0.13491,0
9.4032,-8.9676,1
-1.5189,-2.2855,0
5.3288,6.3257,0
7.396,2.7121,1
-4.6583,11.073,0
-5.4496,-2.1581,0
2.3746,-8.443,1
7.6617,-2.4653,1
7.1623,-2.0529,1
10.029,3.4422,1
1.7107,-0.50953,1
-4.0087,4.113,0
8.1842,4.5121,0
2.7427,2.0485,1
7.9324,7.0793,1
-0.51243,0.87774,0
11.447,-4.4851,1
9.0423,-7.5321,1
10.759,-6.391,0
0.25069,-6.0934,0
8.481,-9.0099,1
-6.9481,-2.1388,0
7.2013,-3.2752,1
-5.2934,0.77976,0
5.9915,-13.514,1
14.682,-6.4176,1
7.2742,0.42053,1
3.7752,2.8575,0
8.9609,-2.8318,1
3.2752,1.5909,1
-0.96616,-7.2898,0
2.3782,4.7188,0
6.6848,1.1264,0
-3.7912,-5.859,0
-3.0316,4.0708,1
10.651,-1.1758,1
5.7517,-3.0723,1
4.7188,5.635,0
7.2042,1.4159,1
-1.0126,-4.7938,0
-1.25,-10.681,1
-4.5099,3.8655,0
3.3881,-3.1459,0
2.9285,9.8124,0
9.3523,-4.45,1
12.933,-6.345,1
-1.7281,7.4067,0
11.89,-6.062,1
5.3624,11.647,0
8.3656,2.0684,1
-7.9096,3.8719,0
9.9663,-5.3807,1
10.045,-5.466,1
1.5058,-3.9628,1
11.107,2.6124,1
2.4837,-6.773,0
-4.1945,-6.1676,0
-3.0985,3.6462,0
2.3198,-0.95671,1
7.9921,-9.5109,1
4.541,-2.9791,1
0.57222,5.4905,0
2.3556,-6.3492,1
2.8485,-8.2505,1
0.76021,-8.0083,1
4.7989,-4.185,1
0.39179,-5.9069,0
5.5864,0.51744,1
6.7132,-0.74342,0
2.1906,-6.6274,1
2.5672,-4.002,0
1.6279,-12.447,1
4.7188,5.635,0
-6.334,11.238,0
4.4577,-3.0044,1
10.453,5.364,0
1.9994,-7.4801,0
5.7822,-3.9557,0
2.3974,-1.2963,1
13,2.6612,0
14.51,-9.8498,1
5.9075,7.5805,0
3.8867,5.5198,0
8.224,-2.0061,1
4.5509,-4.8008,1
-7.101,1.763,0
1.3113,-4.5731,0
11.862,-0.69303,1
2.5788,-3.9815,1
1.1069,-8.0469,0
-3.5001,-4.0072,0
-5.7865,-2.9714,0
14.406,-10.241,1
-3.4018,4.1782,0
16.842,-5.6129,1
7.6617,-2.4653,1
14.632,-3.9884,1
12.483,-3.1866,1
-4.2549,-4.9935,0
5.9481,-4.8532,1
-4.4205,3.867,0
8.6891,-12.497,1
4.7188,5.635,0
4.5718,-7.9274,1
1.4634,1.9017,0
11.417,-1.3734,1
4.3432,-3.6276,1
3.9254,5.8107,1
-3.284,-1.8694,0
10.913,-5.5651,1
3.7104,-5.4656,0
4.6941,-0.62515,1
7.4351,-8.0035,1
5.8121,-15.432,1
-2.7677,-5.787,1
-0.17187,-5.8124,1
-0.63767,-1.2293,0
-0.64669,-4.2662,1
6.3967,-9.405,1
-6.0644,-4.1391,0
-4.5089,-1.5426,0
-2.7336,-6.1448,1
-0.24342,1.7348,0
-2.9295,-0.94611,0
12.765,0.46371,1
-0.093721,5.2998,0
11.115,-10.235,1
10.981,-1.044,1
5.3217,5.7988,0
-0.84298,-0.25769,0
-0.66493,4.0294,0
7.6884,2.0116,0
1.4076,-3.2204,0
7.5894,-5.6622,1
1.2057,-8.4552,1
-2.2486,5.5292,0
-5.3801,5.1724,0
2.0067,2.9241,0
8.1788,-1.2277,1
-0.23347,-3.0606,1
11.562,-10.686,1
-3.5163,-6.9687,0
-0.077187,-7.97,1
0.8576,-11.698,1
1.5768,8.563,0
11.52,1.5519,1
3.3943,-9.1273,1
1.0808,-6.2621,0
5.7514,-4.1871,1
10.925,-1.1313,0
2.4322,0.48165,0
9.0639,3.4534,1
8.1503,0.53255,1
3.0228,2.9862,0
8.5184,-3.0397,1
13.623,3.729,1
-7.8841,0.59352,0
2.7427,2.0485,1
12.054,-0.27985,1
4.7383,-0.56326,0
1.4752,-3.5185,1
-4.0281,-6.2543,0
0.5712,-2.034,1
11.334,0.053308,1
12.046,0.28705,1
10.22,-13.198,1
9.1941,-3.2456,1
3.2752,1.5909,1
-1.7835,-5.7579,0
2.7805,-2.6848,0
1.5984,3.5723,0
7.9608,5.7243,0
-7.7619,-1.1391,0
-2.1466,0.28135,0
-3.3846,1.3386,0
2.1313,-3.9472,0
-1.9512,1.7515,0
5.0311,-1.5869,1
-1.3482,3.3927,0
6.6701,-3.1512,0
2.591,-2.0355,0
-2.7601,0.99989,0
1.9539,-2.0274,1
4.3016,-3.6508,0
2.6715,7.3644,0
-5.5648,3.2472,0
9.8087,-5.2357,1
-7.1312,-2.5054,0
-3.8117,-5.8402,0
5.5452,1.5044,1
7.5246,-8.5151,1
9.6674,10.111,0
1.6958,-1.7422,0
11.316,-8.7281,1
-0.18223,-7.0797,0
2.8326,-2.2844,1
17.183,-12.568,1
1.8337,0.89628,0
6.2714,-1.3587,1
7.4611,-4.4199,1
5.4825,-5.4373,0
-2.5242,1.1509,1
-3.646,8.277,0
7.9539,-6.9475,1
16.267,-8.7715,1
5.8356,-3.8765,1
-2.5705,1.1627,0
-3.3098,0.94015,1
-8.8258,5.1411,0
-1.8746,-5.4935,1
0.24502,0.23144,0
11.08,-5.7868,1
10.565,0.74562,1
3.205,-0.45704,1
8.545,-1.4645,1
-4.0491,7.3466,0
10.172,-0.22042,1
4.7807,-0.23177,1
0.16216,6.4847,0
11.301,-4.3579,1
3.5639,-5.7789,0
-10.164,-1.8485,0
3.9037,2.5678,0
13.81,-6.5327,1
7.2667,-3.8312,1
-0.80408,1.7012,0
7.5147,2.7693,0
-0.8278,1.9418,1
0.44288,-0.47055,0
9.1272,-5.1284,1
4.1946,-0.65892,1
-3.8976,-0.29828,0
-0.97516,-1.8978,0
7.6617,-2.4653,1
4.6107,-6.6782,0
8.6355,-2.4954,1
5.4559,-5.853,1
-2.9546,2.283,0
8.2667,-4.8228,1
-1.0914,3.7195,0
-9.2151,-3.9297,0
3.8743,-8.9142,1
6.7649,1.7708,1
11.11,-10.849,1
10.219,-4.071,1
3.6509,-11.389,1
0.19947,4.5978,0
3.2752,1.5909,1
8.8872,-2.2032,1
-2.2479,1.2776,0
4.8735,3.636,0
-0.51881,-5.6608,1
9.5658,2.5515,1
-0.63518,-0.62506,0
10.151,-6.6999,1
-1.4653,6.6024,0
14.641,3.1475,1
6.4707,6.0525,0
-6.2056,7.2646,0
5.6729,-11.817,1
-1.6866,0.63161,1
9.0944,2.4363,1
1.1925,-11.607,1
5.2337,-4.5558,0
-1.3387,5.6398,0
-0.20908,1.0041,1
1.3585,1.102,0
17.168,-2.2949,1
9.4144,1.2058,1
5.2176,3.1546,1
10.393,-6.3318,1
0.78516,5.6589,0
-3.5274,0.36075,1
10.211,4.2064,1
3.269,8.5754,0
7.9946,-10.193,1
8.9137,-5.2899,1
5.4205,-3.0379,1
0.56955,10.955,0
-7.8837,6.393,0
3.694,3.5951,1
7.1723,-5.9909,0
8.8479,0.76827,1
8.1692,-3.0235,1
-0.40134,3.6198,1
7.4585,-1.9831,0
10.671,3.9176,1
5.2096,2.549,0
8.5934,-0.37316,1
3.8579,-4.8869,1
2.141,-3.7838,1
6.2327,-4.1337,1
2.3044,9.9147,0
17.874,2.1459,1
8.5378,-12.242,1
6.2081,5.9052,0
8.5953,-6.2424,1
10.982,-4.6313,1
10.993,1.9165,1
9.0114,-0.22749,1
12.054,-0.27985,1
1.6665,-11.109,1
-3.0225,1.8235,1
5.391,-3.2396,1
-1.2404,0.90093,0
-3.6225,-2.715,0
-1.8838,0.66354,0
7.1255,-5.2678,1
6.9091,-0.79681,0
-0.32133,-9.4627,1
1.6712,2.9256,0
7.6073,-0.59975,0
8.0895,-4.3037,1
8.2269,-7.3912,1
-0.24164,0.41694,1
11.203,-1.1683,1
1.1074,-5.5583,1
-0.52516,-7.0219,0
7.3777,12.351,0
-2.6845,-2.41,0
14.546,-11.199,1
-1.2691,-6.621,0
1.6321,1.6058,0
5.3051,-5.3276,1
5.2099,3.5966,0
13.56,0.89362,1
11.468,-7.5163,1
-8.2178,-9.311,0
6.2096,-6.538,1
-0.31513,-7.2494,0
10.081,-9.3778,1
2.2897,-6.1707,0
-6.6972,2.6698,0
4.2897,2.8881,1
3.8579,-4.8869,1
12.076,5.8432,1
3.7257,4.904,0
3.0591,3.7657,0
2.7427,2.0485,1
4.5872,-3.5567,0
2.3398,6.6991,0
7.6617,-2.4653,1
14.832,1.0388,1
10.971,-1.7985,1
9.9084,2.6032,1
1.8499,1.6723,0
-1.0348,-0.099699,0
11.916,-3.4463,1
2.8933,-14.425,1
5.2176,3.1546,1
-7.1312,-2.5054,0
7.1737,-1.1965,0
2.7408,0.84294,0
10.862,-5.4412,1
5.0105,-8.7138,1
4.1113,-4.7077,0
-4.5163,0.47059,0
10.936,-2.7276,1
-4.5867,-13.857,0
5.4967,-3.9976,1
3.6406,-2.9417,0
14.083,1.8955,1
5.691,0.013517,1
8.7036,-8.1728,1
-7.2282,-5.1974,0
1.3,-1.7824,1
2.2776,-2.818,0
5.2098,-3.9308,1
3.3306,0.04377,0
3.9115,4.1679,0
2.0958,-2.5381,0
-0.18875,-5.619,0
1.2019,3.3092,0
13.545,-2.2659,1
9.5715,5.5444,1
7.7541,-10.023,1
10.624,-2.716,1
4.4643,-6.3102,0
1.4813,-7.3965,1
3.2891,-3.182,1
2.4773,0.33203,0
6.2781,3.0508,0
10.475,-9.1372,1
3.9138,-4.0121,1
8.6575,-5.9732,1
-2.676,-1.3407,0
10.523,-1.0608,1
10.321,-9.0031,1
6.6991,-6.0094,0
5.7182,3.4191,1
9.1754,-4.0138,1
11.697,-5.7918,1
11.675,-3.4237,1
10.062,-1.3062,1
-2.7878,6.1173,0
8.0288,0.040298,1
7.9589,-2.5959,0
-3.3604,-0.52787,0
7.745,0.50849,0
1.8801,-1.6024,0
-0.20361,0.70056,0
1.2025,-2.2271,0
8.0069,5.1579,1
1.7424,0.55286,0
6.9022,-10.759,1
11.7,-11.554,1
9.5975,-9.5075,1
-1.7572,-1.2223,0
-1.6836,-5.5743,0
15.244,-7.6909,1
6.893,-1.8222,1
7.878,1.3728,1
11.215,-2.9926,1
7.7135,-8.6852,1
-6.2742,10.679,0
3.3592,-3.1235,0
-2.6492,-2.6886,0
10.063,-9.3095,1
-0.08749,-2.9637,0
-3.6653,1.4946,0
3.3367,-4.0103,1
7.5817,-8.4684,1
-4.8726,4.2814,0
-2.1769,-3.0411,1
-5.4745,4.0967,0
2.7755,-4.4849,1
-2.0522,-5.2768,0
3.0522,-0.1058,1
6.4401,-12.372,1
3.5996,-9.3796,1
-6.5041,4.4255,0
1.1038,-2.6239,1
4.8242,2.1277,0
3.5686,8.9474,0
2.8873,-5.0896,1
5.1648,-5.6536,0
1.3133,9.6266,0
12.712,-0.89116,1
4.2422,-1.2913,0
2.7354,-1.6748,0
11.301,-7.6306,1
12.268,-9.2183,1
6.0937,3.9006,0
0.46912,-7.7087,1
7.2389,-4.8285,0
2.8636,-7.9012,1
-6.4058,-0.89766,0
0.90307,-0.84725,1
-1.9966,-2.455,0
-4.7514,-0.5305,0
4.9041,3.5396,1
-1.65,2.5127,0
-3.7631,0.24087,0
-1.7899,4.1321,0
-0.62106,2.7065,0
6.9002,2.2628,1
0.51952,1.7964,0
-1.7536,7.9824,0
-2.8923,-1.9545,0
11.861,1.3734,1
4.4482,2.8717,1
-5.2204,-6.4416,0
4.568,-12.903,1
3.4753,2.2042,1
0.32325,-7.4784,1
-3.9097,-2.5236,0
12.72,-11.839,1
1.8598,-5.6103,1
3.3377,-2.9104,0
1.7456,0.17977,0
6.9145,-3.1272,1
-8.6289,1.1416,0
10.991,-2.5556,1
4.3495,-3.5884,1
5.1918,2.2229,0
9.3505,1.4813,1
3.1792,-4.7415,0
0.42386,4.3571,0
8.7556,-4.5631,1
9.0868,-2.9825,1
-1.8363,-4.6103,0
0.09713,-9.1272,0
5.1085,-14.293,1
9.4186,-9.342,1
0.59423,1.3337,0
1.1455,2.0643,1
-0.016631,-11.901,1
7.85,-4.0652,0
15.796,-6.7347,1
13.617,-4.3873,1
3.9043,3.3603,0
7.8471,-8.1606,1
12.366,-6.9786,1
-7.8625,3.6536,0
3.2414,-3.6155,1
-7.7084,2.4061,0
8.0928,2.2869,0
-0.3171,-0.25743,1
2.4828,-4.4967,0
11.493,-3.8586,1
4.0738,2.5988,1
13.769,-2.3244,1
1.2384,-6.3602,0
13.307,0.53738,1
3.0309,-0.4233,0
12.932,2.2639,1
4.7595,2.162,1
-7.9951,-3.5876,0
3.1599,6.5619,1
-6.8324,3.7142,0
-0.012957,-13.708,1
13.773,-0.37638,1
6.4097,2.2591,0
3.697,9.6837,0
-7.942,-6.5879,0
9.1111,-6.0409,1
7.8049,-3.7782,1
5.3183,-0.022224,1
-0.30015,0.33179,1
9.0858,-3.4829,1
13.628,-3.4986,1
6.6083,-8.1807,1
4.9777,-4.6637,0
6.8693,-9.229,1
-1.1586,1.0305,0
-1.0874,3.8618,0
-1.2404,0.90093,0
0.014892,-8.6021,1
3.4009,-2.8398,1
6.8094,2.1116,0
-2.7278,-4.8956,1
8.0142,-4.14,1
6.2932,-8.8797,1
8.1551,-3.0258,1
9.8783,0.61792,1
7.7767,2.6421,1
-0.80347,-4.4307,0
15.651,-3.3881,1
7.6617,-2.4653,1
5.7521,-6.5372,1
1.4916,1.3485,1
-2.5473,-2.5504,0
-2.6272,-1.5367,0
6.0444,-2.4274,0
1.1115,-5.2311,1
0.34755,5.7724,0
15.221,-1.713,1
-5.8135,4.2999,0
12.872,-3.4513,1
-5.1561,6.3027,0
2.2578,-2.9714,1
-2.1002,3.0943,0
-0.80408,1.7012,0
6.3975,5.364,0
15.502,-7.9244,1
0.72755,-9.48,0
7.6922,-6.3384,1
-5.5087,-6.265,0
5.9973,-3.029,0
-2.8339,-5.927,0
-6.3245,-1.4006,0
10.337,-3.9214,1
4.7738,0.81538,0
1.9143,-6.0795,0
5.6699,-14.735,1
8.2849,-7.3114,1
-1.289,-1.6527,0
2.5276,-6.3987,0
3.2217,2.9538,0
0.93667,4.1069,0
8.6829,-8.9441,1
9.3122,2.9325,1
-2.1765,3.5143,0
-0.24194,6.5245,0
-10.757,8.407,0
-2.7938,8.352,0
4.3495,-3.5884,1
0.28196,4.2858,0
4.3698,-7.8625,1
0.63972,-1.3875,1
-1.421,1.356,0
12.939,-5.0601,1
0.25069,-6.0934,0
2.4968,-10.04,1
7.2581,-2.7419,1
-6.6751,-7.4764,0
-0.53674,1.4874,1
-7.0083,0.32866,0
2.5808,2.3357,1
3.1461,-3.1731,0
11.928,3.4907,0
-1.7388,5.0471,0
3.078,-2.5953,0
5.6231,-1.7535,0
9.3158,-1.3487,1
1.9757,1.2541,0
7.6163,-8.0627,1
1.922,2.0562,0
14.012,0.94844,1
3.3492,-1.8048,1
4.1467,1.949,1
-0.25119,10.258,0
-0.52516,-7.0219,0
4.0394,-0.49116,1
-3.7379,6.8836,0
1.9449,1.5011,0
7.6617,-2.4653,1
7.6617,-2.4653,1
-9.2391,-3.0175,0
-2.977,-5.2384,0
4.3184,-4.8319,1
15.193,-2.917,1
8.3544,2.2416,1
-1.4257,4.8101,0
-4.641,10.035,0
-2.9546,2.283,0
10.482,-4.4884,1
6.7296,-10.014,1
-1.9877,-0.46946,0
-1.2308,8.0805,0
7.5089,-3.8859,1
7.3805,-2.3616,0
11.607,2.0896,1
4.7352,-7.7292,1
9.8017,-3.7064,1
7.9106,-4.5817,0
9.9414,-10.492,1
7.5395,-2.1559,0
8.1408,-2.8331,1
-0.97333,-5.1807,1
0.01089,1.6257,0
5.7788,-0.98068,0
-9.7588,1.4792,0
2.9629,2.4545,0
0.3833,-5.5992,0
12.664,-1.022,1
-0.70855,-2.8303,0
-1.4094,-3.6411,0
8.5061,-0.13134,1
9.8854,-6.5432,1
9.4307,-5.767,1
8.3204,4.1812,0
15.095,-8.478,1
3.1792,-4.7415,0
4.7738,0.81538,0
1.7871,-1.6873,0
0.97324,-1.758,0
5.7625,-0.18876,1
-4.0874,3.878,0
3.9413,-10.276,0
2.3249,0.55353,0
-4.547,-7.4683,0
6.8968,-5.5705,1
12.665,-4.0354,1
-0.57077,1.4204,0
11.972,-2.8003,1
8.4889,-3.5466,1
-3.1766,3.4176,0
6.9684,-4.5532,1
-0.075522,-4.1321,0
-0.2832,-0.082197,0
8.0448,3.1543,1
-1.7723,4.8371,0
3.629,-6.2109,0
-1.8162,-3.2061,0
-7.2449,-3.4144,0
5.5446,-5.2136,1
-1.6612,-2.0935,0
-2.1404,-1.5055,0
2.8483,3.3836,1
8.3075,-2.3059,0
6.058,2.436,1
6.1762,-6.1714,0
-1.7281,7.4067,0
5.7822,-3.9557,0
1.4567,-5.6632,1
-2.637,-5.8551,0
6.9448,1.8239,0
4.5539,-4.4246,1
11.374,0.46635,1
14.446,1.3074,1
6.4534,9.0636,0
-0.72031,-0.60803,1
2.1313,-3.9472,0
2.6209,8.044,0
-1.4575,-0.96844,1
12.252,-0.32671,1
6.0289,-5.6029,1
2.5033,4.2334,0
13.422,-8.9806,1
0.80159,-7.6496,1
5.1711,1.2067,1
8.3795,-1.7997,1
-0.0084519,2.6101,0
4.6541,-14.687,1
3.2827,2.3518,0
2.7752,-0.87834,0
6.1032,1.0772,0
2.9364,-4.7746,1
-3.9618,-1.3537,0
0.29892,-10.1,1
8.3376,-7.4004,1
3.4973,-8.5234,0
5.7695,7.1928,0
-2.1521,-6.841,0
15.811,-8.4622,1
5.688,1.6918,1
1.1073,6.5778,0
-3.3091,4.8441,0
8.4818,3.3348,1
-2.5113,-7.4043,0
1.1594,-5.6712,1
12.912,2.9312,1
3.017,-1.0585,1
5.5693,3.3705,0
7.539,-6.6142,1
2.6651,9.1222,0
11.916,-3.4463,1
11.549,-7.0195,1
0.32325,-7.4784,1
8.6044,-5.2773,0
-5.4598,-0.41404,0
-6.4461,6.3318,0
6.5895,1.6488,1
0.91097,-1.0685,1
7.5046,1.5317,0
12.928,-3.6652,1
8.2433,3.1141,1
12.137,-3.3502,1
0.75243,1.9239,0
13.117,-5.7882,1
-0.79674,5.0946,1
11.074,-2.2975,1
-2.838,-5.1343,0
4.0757,-3.9159,1
11.533,-8.5139,1
-4.8429,-0.052992,0
-5.1408,2.0497,0
8.3571,2.7287,1
-1.5965,2.455,0
2.5178,-4.479,0
8.0185,3.1621,0
9.7519,-9.8157,1
8.6322,-1.5213,1
-5.0666,4.1485,0
-3.759,-9.5681,0
4.7722,-1.4501,0
-2.8622,-2.7561,0
-8.2348,-2.028,0
9.3249,-5.203,1
5.4754,1.9466,1
0.74851,-10.04,1
-3.3891,-0.51979,0
2.5738,-6.2418,1
5.4941,-8.4689,1
1.291,-1.0417,1
8.6338,-0.4398,1
6.1072,-13.783,1
-3.2296,4.4557,0
-0.97135,-5.9585,1
-4.0133,-1.8663,0
14.138,1.5322,1
-4.2936,-8.1114,0
9.3385,-4.3797,1
-0.86552,4.2528,0
16.06,-2.8686,1
5.9463,-5.9661,1
0.73744,5.6762,0
12.24,6.9024,1
4.265,-6.2629,1
11.945,0.80653,1
-6.979,-2.1878,0
12.4,1.3731,1
-0.6076,1.5161,0
1.7476,2.761,1
4.3218,-5.3366,1
-0.71768,1.2701,0
2.1875,-6.8652,1
-5.7355,6.6193,0
5.5449,-6.5633,1
4.2967,-2.458,1
12.912,2.9312,1
4.0382,-7.1717,1
10.592,-1.4329,1
10.819,-3.0199,1
9.5396,-2.6219,1
1.1273,-6.4172,1
0.44892,2.0035,0
4.8691,5.1633,0
4.0871,4.2408,0
6.9522,-10.54,0
3.0817,-3.9311,0
-1.0495,-9.0886,0
10.064,-8.6695,1
13.127,-7.5906,1
6.8897,-1.4501,1
2.9538,-4.1352,0
5.2098,-3.9308,1
-4.3073,-0.95127,0
-1.215,0.21999,0
4.3886,-3.1509,1
16.65,-7.3146,1
19.104,0.29739,1
5.2612,-4.4962,1
-2.6416,-4.3001,0
1.0691,-1.7097,1
0.43432,-13.086,1
1.6855,0.5259,0
0.82792,2.2402,0
3.0897,-10.082,1
3.539,7.8423,0
1.7871,-1.6873,0
12.296,4.0161,1
3.4961,4.1732,0
2.8418,1.1905,0
2.4008,2.8669,0
0.55778,-10.962,0
0.85538,0.13486,0
-2.4026,4.9893,0
-1.2404,0.90093,0
-4.7005,2.2424,0
10.964,0.32593,1
7.0747,-3.9164,1
15.03,-5.095,1
9.128,-9.8344,1
-5.9246,7.8014,0
7.2288,2.8464,0
8.2153,2.0326,1
9.8229,-3.3203,1
-7.3099,0.92246,0
8.4126,-12.246,1
0.50694,-1.3569,0
4.9149,-2.2382,1
1.1482,-4.354,0
6.0291,2.2816,0
-9.6696,-0.23,0
3.2752,1.5909,1
-2.0404,-6.8775,0
-2.4551,-2.9711,0
12.55,-0.22881,1
5.2444,-1.9464,1
-4.4025,2.6917,0
2.1344,2.7733,1
0.77987,-6.0292,1
1.2899,-5.9907,0
8.5892,-0.38644,1
8.0358,1.6061,1
-2.3283,-10.758,0
13.906,-10.884,1
0.4033,-1.3175,0
7.6617,-2.4653,1
10.861,-1.4979,1
3.7987,6.2914,1
1.2359,-3.673,0
8.0485,6.8723,0
0.061459,-1.8824,1
-2.4583,-1.415,0
5.7868,-6.6507,1
14.383,-4.8499,1
-3.7385,5.5049,0
10.756,-6.7025,1
0.51952,1.7964,0
4.5889,-5.408,0
-7.6057,5.4538,0
14.244,-3.9813,1
10.529,-7.4111,1
10.156,-2.961,1
6.9974,-4.0715,1
6.3906,-12.086,1
5.9892,-14.143,1
3.2742,0.86583,1
2.9434,-4.7004,1
3.5089,-1.6284,1
-2.3376,-0.56221,0
-2.1688,-2.4219,0
3.7772,-4.5746,1
8.8692,-1.705,1
7.7968,-5.4663,1
4.0112,5.4988,0
9.1172,-5.6588,1
2.8056,-5.5464,1
16.303,-5.6216,1
5.4908,-1.5221,1
0.94685,-3.1294,0
-1.8692,-11.096,1
0.0083269,3.1709,0
7.1422,-4.2617,1
9.5445,2.8486,0
-1.7074,-0.34787,1
-1.136,-2.2835,0
2.5034,-7.4745,0
-7.6539,-2.5801,0
5.0555,-3.8808,1
7.3846,-7.8531,0
3.2739,-3.8338,0
9.3621,3.5114,1
4.4431,0.68075,0
-2.9557,-2.4013,0
5.6288,1.8165,0
10.321,-9.0031,1
1.2438,4.6132,0
2.5034,-7.4745,0
6.3801,-9.9876,0
7.1765,3.7023,0
-7.314,-1.5507,0
2.2637,-11.099,1
-2.3748,-8.9059,0
1.7224,4.7432,0
3.5053,3.6519,0
4.0533,-2.35,0
5.1385,-3.7167,1
-0.42786,8.3669,0
-2.4537,-3.8104,0
-2.9557,-2.4013,0
-3.8175,-6.0578,0
3.773,-5.952,0
9.1874,-8.9935,1
-3.3878,-5.5617,0
0,0,0
7.9254,-5.854,0
-2.4624,3.5043,0
1.239,9.3216,0
0.73096,-1.5681,0
5.7781,5.5825,0
15.076,-3.2433,1
2.02,-1.5009,1
6.9002,2.2628,1
4.7188,5.635,0
9.6359,-7.9677,1
11.75,-10.638,1
10.481,1.1303,1
6.7413,-6.9635,1
-5.9178,-1.7581,0
13.69,1.9207,1
3.1584,-2.5831,0
5.7633,-1.2368,1
4.7764,-2.8043,1
8.7417,-6.4374,1
9.5716,-2.9955,1
-4.1406,7.187,0
-3.4171,-4.5232,0
5.5006,-4.8152,0
-2.4881,3.7229,0
-2.8418,9.7473,0
8.5595,2.3694,1
-2.2592,0.52942,0
0,0,0
1.0002,-6.6777,0
12.864,-2.756,1
-1.8612,-0.70236,0
10.321,-9.0031,1
7.6269,-4.2022,0
2.0783,-16.038,1
5.4967,-3.9976,1
13.021,-9.0726,1
10.712,-3.5846,1
0.19023,-6.5916,1
7.0576,4.1007,1
1.3993,6.7239,0
13.407,-12.237,1
5.6061,-14.809,1
4.3264,-0.30613,1
5.7695,7.1928,0
-6.937,-0.49288,0
10.096,3.439,1
14.211,-6.9642,1
5.2843,-7.9779,1
4.5715,-0.33496,1
6.205,4.7188,0
5.7319,-6.9253,1
7.2131,2.6219,1
9.4856,-2.3233,1
9.3293,0.93199,1
4.9661,0.82132,0
-5.6204,-7.5754,0
-0.55312,-0.93025,1
2.3838,3.5249,1
-1.2101,4.4897,0
6.9391,-3.0494,0
2.2843,-5.3879,1
13.846,-5.7546,1
-1.0874,3.8618,0
0.31482,1.9294,0
1.6659,1.7346,0
7.5895,-2.3433,1
-1.7177,2.4957,0
10.446,-5.9517,1
6.7012,-13.046,1
2.1324,1.111,0
-0.69141,-0.19048,0
4.2126,-8.1969,1
7.1763,0.49435,0
9.2388,-3.4022,1
-2.6044,-7.3137,0
-1.9538,-4.1866,1
-3.4352,1.844,0
10.251,-8.0022,1
10.135,-8.9481,1
3.3351,-6.4614,1
2.3247,-5.3396,0
-0.75046,9.2386,0
2.4411,-3.1844,0
0,0,0
2.5174,4.3843,0
-7.6726,1.8186,0
17.801,0.72035,1
8.6283,-2.1957,1
-0.089359,-6.6068,1
4.555,-1.5301,0
1.3639,4.1303,0
15.711,-11.611,1
8.9292,-5.949,1
-8.2955,1.0691,0
-8.7346,-0.52673,0
-1.0404,-8.3475,1
6.4786,1.1476,1
0.536,-9.3728,1
-6.3325,-2.4355,0
-1.8235,-1.2581,0
2.2787,3.3706,1
12.976,-3.7567,1
13.56,0.89362,1
6.9002,2.2628,1
-1.6123,0.6646,0
-5.5522,-7.626,0
4.4398,0.14382,1
-6.3363,-0.096662,0
7.2476,-11.109,1
6.3446,-2.4068,0
6.5416,-2.9636,0
4.1554,-0.0019585,0
5.3292,-10.334,1
5.5941,-3.3563,1
1.2889,4.8611,0
5.472,-9.1813,0
14.808,-2.0708,1
-0.85209,6.3373,0
1.0564,1.621,0
4.0872,-8.45,0
-0.46446,-1.2001,0
0.97679,5.5146,0
4.3416,-3.9143,1
6.0548,-0.39983,1
6.8985,-6.3596,1
7.6657,2.1909,0
7.5924,-0.37164,0
3.9487,5.8689,0
5.1564,-0.018935,0
1.2592,-0.86029,0
2.388,-13.949,1
-3.0169,3.7224,0
2.5034,-7.4745,0
7.0349,1.5531,1
7.8327,0.046505,1
4.4352,0.070186,1
-3.7329,-3.0757,0
-5.2323,3.0203,0
6.0913,0.74858,1
2.7774,-2.2273,0
4.7188,5.635,0
3.4693,-8.2391,1
5.6489,-4.9529,1
2.5015,-3.8794,1
6.2096,-6.538,1
15.895,-3.5814,1
7.3997,2.6432,1
-6.3144,-1.844,0
5.0154,9.1292,0
-3.793,2.4569,0
12.454,-0.95955,1
0.2282,0.88169,0
3.3923,2.4228,0
9.2734,-7.7812,1
5.4105,0.15205,0
7.2757,-7.4096,1
4.284,-5.2933,1
6.5605,-12.119,1
-1.9367,-6.9004,0
10.008,-3.8538,1
7.2134,0.98105,1
4.4636,-7.3725,1
7.6617,-2.4653,1
12.912,2.9312,1
4.555,-1.5301,0
10.934,-7.7067,1
-6.9039,-6.1701,0
2.5792,-2.2924,0
-10.169,3.3161,0
-0.58363,0.46247,0
-1.5491,7.6973,0
-5.9498,5.2437,0
9.8159,1.4772,1
-5.6918,-2.9055,0
7.4097,5.2837,0
-0.63767,-1.2293,0
15.878,-2.2898,1
7.6617,-2.4653,1
14.366,-6.1716,1
-1.5783,3.3563,0
7.9829,-3.4201,1
-1.6837,0.87939,1
4.3658,1.8469,0
-0.24702,-4.7076,0
0.43013,-2.8089,0
-4.7391,6.3968,0
12.912,2.9312,1
12.44,-2.7297,1
5.4757,0.77314,1
1.3263,-13.591,1
7.9391,0.59095,0
-0.65941,-3.6527,1
0.61625,-3.9404,0
3.8193,3.97,0
1.0002,-6.6777,0
-5.8591,-2.4848,0
1.7176,-1.4835,1
12.926,5.6575,1
-0.63767,-1.2293,0
-3.439,4.2361,0
5.7695,7.1928,0
4.1138,2.8635,1
-0.37956,-5.9517,1
10.112,-1.0396,1
-0.1501,5.2164,0
-10.935,4.8906,0
7.3289,-3.6695,0
-1.2807,-4.5765,0
5.8667,-4.8747,1
4.3809,-6.6028,0
3.7462,-0.99467,1
0.78991,-0.13057,0
0.18311,-4.6003,1
7.8462,-5.7152,1
1.8962,5.4708,0
7.4163,-6.7161,1
1.4577,-1.3813,0
-0.24194,6.5245,0
0.76155,3.0861,0
8.3355,1.4246,1
7.4989,-6.4709,1
3.9281,1.1665,0
-0.44139,-9.5528,1
-7.9283,-3.3551,0
-2.6377,0.9797,0
0.89024,-5.4939,1
5.4759,-11.334,1
5.4414,-2.0709,0
11.482,-4.2774,1
11.62,-0.68598,1
14.682,-6.4176,1
6.2957,-6.2689,1
1.2769,0.18368,0
9.4852,-1.591,1
3.1896,-0.6712,1
8.5235,-7.1541,1
11.777,-1.4049,1
3.6994,-7.1447,1
14.037,-2.0643,1
4.9267,1.7471,1
6.8655,-5.5316,1
3.8141,-1.006,1
1.7383,0.63414,1
-2.9407,6.3327,0
4.7703,3.8883,0
15.103,1.4627,1
13.083,0.46252,1
-3.0113,8.8754,0
9.0043,-5.5737,1
-1.7577,3.0873,0
4.555,-1.5301,0
8.7265,-2.6332,1
11.646,-0.079984,1
1.7505,2.4574,0
0.57428,-0.16003,0
-0.92805,-1.2396,0
-5.2532,-3.5152,0
-1.3408,-4.6516,1
0.95064,7.4018,0
6.3381,-2.5605,1
0.25069,-6.0934,0
-5.747,2.4099,0
3.546,-2.0129,1
-1.9245,7.4163,0
8.6251,-5.2081,1
1.0073,-2.249,0
3.9076,-6.2435,0
4.1161,3.5832,0
1.1405,-2.192,1
0.14835,-5.2344,0
1.15,-5.7959,1
7.8093,7.2561,0
-4.5668,-0.21,0
13.41,-10.148,1
7.5295,1.4394,1
7.9745,-6.7291,1
10.797,-3.247,1
9.2335,5.0702,0
-2.7212,-2.2977,0
3.0152,-8.9155,1
-2.3355,4.5088,0
6.5656,4.5737,1
0.39179,-5.9069,0
-6.1266,-7.066,0
0.93839,11.474,0
-5.0816,4.2615,0
4.6069,3.2013,0
2.6428,-12.914,1
6.2328,2.4158,1
5.8292,-7.5248,1
-3.5419,-4.8077,0
1.769,-5.104,1
7.4989,-0.38667,0
3.773,-5.952,0
2.0511,-0.058174,0
-8.4712,4.6998,0
8.0684,2.5528,0
10.135,-8.9481,1
9.1484,-5.0973,1
7.0254,-5.7221,1
1.7737,1.0645,1
3.1792,-4.7415,0
1.153,5.5762,0
4.9374,1.0446,0
3.9514,-7.4354,1
7.4858,-9.3372,1
7.6617,-2.4653,1
4.1472,-11.571,1
3.0521,0.0025161,0
-6.7143,3.7026,0
0.84867,-6.2642,0
-7.9951,-3.5876,0
-1.3137,-1.3509,0
6.3108,5.1026,0
-4.4274,8.1131,0
-1.8551,-8.8458,1
10.7,-7.8836,1
-6.9266,5.0504,0
8.2653,-4.1097,1
0.94951,1.8371,1
4.7188,5.635,0
1.0084,3.1553,0
9.5636,-1.2093,1
14.494,-1.9239,1
10.321,-9.0031,1
0.27474,0.19326,1
0.19023,-6.5916,1
4.4732,-3.1585,1
11.053,-1.8527,1
8.0628,0.039794,1
6.7382,-3.2825,1
9.5503,-8.5622,1
0.39845,2.7158,1
-0.95701,9.3802,0
3.6975,4.1921,0
-9.131,3.3225,0
8.8594,-1.1075,1
-7.3567,-0.68781,0
7.0052,-2.5296,0
11.252,-1.8638,1
2.1463,0.90168,0
3.3304,-10.102,1
10.622,-11.588,1
0.90885,0.49288,0
9.0589,-15.267,1
-1.3788,3.0249,0
14.697,1.79,1
-0.043161,1.3314,1
0.83201,-7.9326,0
2.0717,-3.0747,0
3.2802,3.9971,1
3.6216,3.3999,0
-0.93368,2.7161,1
8.1829,2.5453,1
-5.319,-8.5776,0
-0.63767,-1.2293,0
9.6173,-7.503,1
2.3027,-3.4783,0
2.2637,-11.099,1
-0.73547,-3.6576,1
6.5982,-0.92669,1
-3.3275,-1.132,0
-2.7767,7.8404,0
7.879,1.6305,0
-4.3113,-1.1117,0
10.159,-1.3989,1
5.716,9.624,0
3.9636,6.5211,0
5.2558,3.4572,0
8.5231,-3.0417,1
-7.2282,-5.1974,0
1.6187,-5.1587,1
13.421,-4.5033,1
1.5884,0.52864,0
16.096,-3.2115,1
2.29,1.8982,0
2.4301,-10.216,1
-7.0279,-5.9099,0
9.0803,-4.1948,1
-2.4813,-5.47,0
6.1823,-1.307,1
6.4767,6.3918,0
5.4825,-5.4373,0
9.0577,-5.592,1
-11.062,-5.1068,0
-0.15098,-10.12,1
10.47,-11.905,1
0.19467,-1.5402,1
3.9084,-6.1908,1
-4.5261,2.3933,0
6.6389,-3.2518,0
2.0082,-3.81,1
7.534,-10.169,1
16.9,2.6386,1
2.3366,1.0665,1
8.3161,-4.5173,1
-5.9717,3.5996,0
1.0347,6.3946,0
0,0,0
7.857,-2.8768,1
3.0022,-1.7378,1
-1.4006,-4.9109,0
7.6173,0.34775,0
3.01,-8.8559,1
1.7057,5.0299,0
-1.8212,3.0282,0
-3.0931,4.122,0
-0.80408,1.7012,0
9.4201,-7.407,1
6.3901,-5.2117,1
5.8177,-5.5267,1
-9.8673,-6.17,0
10.733,-7.3242,1
-3.3362,-4.3018,0
7.014,-8.0478,1
0,0,0
11.283,-4.4539,1
6.0301,-3.4132,1
6.7562,-4.6847,1
-1.3482,3.3927,0
-7.7028,2.1077,0
11.754,-6.4674,1
7.1285,-6.5061,1
-6.9519,-2.3299,0
2.8015,4.8684,1
11.581,-2.7491,1
-4.3738,-2.0695,0
1.817,-3.965,1
-3.3588,-3.7239,0
3.6118,9.5696,0
2.3457,-9.8207,1
0.895,1.4363,0
13.049,-0.46442,1
-2.0865,1.8135,0
4.1949,-1.4196,1
7.9995,3.8239,0
3.2267,0.78798,0
-0.53722,-1.482,0
5.1977,-4.8705,0
7.7972,4.1967,0
12.625,-9.6989,1
2.2306,-5.9413,1
6.9002,2.2628,1
5.7822,-3.9557,0
6.9974,3.137,0
14.386,-1.8556,1
-2.9815,-0.76588,0
-5.7877,4.1166,0
-0.89758,-1.0682,1
0.69042,6.9397,0
11.099,-6.4867,1
-2.328,4.7915,0
9.3576,-4.4042,1
10.326,-6.237,1
7.1083,-4.798,1
2.7699,-9.1523,1
15.653,-6.9125,1
11.503,-6.6775,1
0.88813,-8.2001,1
-2.8772,-2.0012,0
11.938,2.2319,1
11.795,-0.90444,1
6.4174,-1.7666,1
-0.73401,-2.7197,0
-6.2466,-9.752,0
5.709,-0.34645,1
6.112,5.8508,0
-0.39718,-9.5286,1
5.6729,-11.817,1
-0.85295,-7.8493,1
0.24962,-8.5499,1
8.5251,-6.473,1
6.9632,4.567,1
14.974,-7.3834,1
6.9919,3.6788,1
6.617,-11.284,1
-6.5899,-1.7636,0
3.8867,5.5198,0
6.9002,2.2628,1
6.4562,-2.3091,1
-5.2819,-0.1551,0
6.8212,4.4534,0
4.7915,-7.794,1
7.5395,-2.1559,0
0.15138,-6.3261,1
0.29472,-14.526,1
4.4092,1.4605,1
8.3899,-5.1189,1
-0.6043,-4.2878,0
2.9602,1.6112,0
3.4261,-2.0541,0
-0.15324,0.80049,0
6.0769,-8.3208,0
10.633,7.1783,0
12.274,5.4047,1
6.4624,-3.222,1
8.2494,2.3162,1
3.3222,-2.2463,0
-1.8633,5.8029,0
3.1838,6.5872,0
-2.2498,-3.7154,0
3.1511,-1.2273,0
7.2038,4.0326,0
6.4075,1.8859,0
-1.023,-3.6828,0
12.001,-0.41513,1
7.3233,-0.45656,1
3.729,-3.8563,1
2.1676,5.2159,0
-3.2748,5.5939,0
10.423,-0.81449,1
3.1372,-7.8972,1
-6.6275,-3.5608,0
4.6094,-9.4903,1
12.912,2.9312,1
-6.6665,-4.1189,0
0.94352,-6.8196,0
11.268,-10.128,1
9.4492,-6.6674,1
-4.3622,3.4922,0
0.12577,2.802,0
5.4074,-4.9759,1
2.1677,-8.0677,1
8.5729,-5.0223,1
3.6148,-0.84324,1
4.5684,4.3289,0
3.6647,-1.3496,0
7.1347,-7.4537,1
10.357,-4.2992,1
15.053,-8.8433,1
10.565,0.74562,1
-0.96403,-1.2817,0
3.7834,-7.9856,1
12.437,-1.6398,1
4.5764,-2.9667,0
4.4982,-2.2648,0
6.8051,0.2887,0
-6.979,-2.1878,0
3.2752,1.5909,1
5.6216,3.7805,1
1.2595,0.74098,0
-0.63421,-4.6264,0
-7.1653,-1.5474,0
-8.0336,1.6765,0
2.3734,3.9228,0
9.0841,-6.2102,1
8.7771,-2.0993,1
11.064,-6.6285,1
1.0972,-0.66072,0
11.383,-11.301,1
2.5586,-3.8507,1
5.2972,1.8204,0
7.1422,-4.2617,1
6.2494,-13.194,1
2.1439,-3.4869,0
4.6212,0.42592,0
15.471,-0.35198,1
1.9878,-6.2225,1
-3.576,0.014696,0
4.3476,-1.0725,0
-4.4025,2.6917,0
9.5695,-4.7003,0
7.0187,-4.3798,0
5.2246,1.4689,0
-2.8772,-2.0012,0
7.6899,5.3005,0
3.3964,2.0735,0
3.3808,-4.0058,1
13.035,-5.4737,1
12.585,-2.2781,1
12.057,-7.2029,1
1.9353,-5.3894,1
-2.8441,-1.3806,0
-3.6166,1.9423,0
9.0005,-7.2801,1
7.5362,-3.964,1
-12.94,-6.6962,0
7.4435,-4.6912,1
0.68648,-9.5434,1
5.6237,-9.7302,1
-7.2282,-5.1974,0
2.6097,-5.5541,0
9.5876,3.6019,0
-3.8126,3.3862,0
6.1032,1.0772,0
5.2098,-3.9308,1
-2.9699,3.6182,0
10.321,-9.0031,1
4.2587,-0.36463,0
9.6763,1.5455,1
14.175,-2.5835,1
3.0217,2.2921,0
-4.9835,9.1207,0
-2.6941,-1.6869,0
10.045,-5.466,1
4.767,-0.4363,1
12.52,-1.5671,1
5.2746,7.3993,0
10.456,4.2668,1
12.833,-6.3202,1
1.5279,4.9648,0
10.135,-8.9481,1
3.9706,-13.223,1
7.8976,-3.0273,0
6.5586,-3.7992,1
2.5034,-7.4745,0
3.2615,-9.7645,1
3.318,-6.2235,1
-7.9919,-2.0706,0
10.073,-5.0362,1
-5.4252,2.9298,0
12.44,-1.6383,1
2.3707,2.3245,1
5.3386,-5.4198,1
6.5569,0.97354,1
-0.55312,-0.93025,1
4.19,-4.1442,0
12.672,-2.3009,1
10.043,6.1477,0
8.3788,-8.6164,1
11.603,-4.2836,1
8.4461,-9.6678,1
7.9023,-10.206,1
3.574,-0.98362,1
-7.0187,3.9834,0
7.3895,1.0547,1
9.1399,-5.2454,1
2.9031,2.8228,0
9.1874,-8.9935,1
3.8113,-0.97526,1
6.7836,-11.492,1
3.2346,5.2671,0
0.076746,-0.087537,1
5.9374,-5.0918,1
-8.9613,3.7981,0
-1.0863,2.2724,0
0.062045,5.6776,0
1.8605,-3.3992,0
7.6617,-2.4653,1
1.6224,6.8361,0
5.2098,-3.9308,1
4.4926,-0.88941,1
9.6261,0.49289,1
2.6684,6.1979,0
1.5698,-0.1451,0
1.9235,2.7826,0
0.81163,3.756,1
5.5558,-7.2199,1
-4.0741,-7.1663,1
1.432,-6.3541,1
10.382,-2.5484,1
7.5588,-4.7114,0
-0.9363,4.0574,0
5.2067,-3.6971,0
2.4459,-5.2212,1
6.0548,-0.39983,1
-3.3154,-2.4978,1
-4.3039,-1.4634,0
-2.049,0.098727,0
1.9754,-11.311,1
5.4967,-3.9976,1
-0.17267,-9.1133,1
-6.0644,-4.1391,0
4.9704,-7.285,1
5.1085,-14.293,1
6.752,9.9338,0
4.8613,-0.12517,1
8.7427,4.4903,1
12.054,-0.27985,1
13.871,-12.473,1
2.908,-1.9781,1
6.8362,-0.22228,1
-1.5567,-1.7349,0
6.9445,-11.378,1
7.5186,5.5758,1
16.039,-6.6714,1
0.12391,4.1908,0
7.6884,2.0116,0
2.9322,-1.7149,0
-4.1544,5.5462,0
11.754,0.71345,1
3.9077,-5.634,1
-1.2524,-2.1281,0
2.7405,7.3226,0
4.353,8.0596,0
6.9091,-0.79681,0
5.2946,2.6218,0
12.12,-8.9254,1
0.95574,8.3786,0
10.963,-9.6514,1
6.5556,-0.19789,0
0.48752,1.9617,1
4.4833,-2.4248,1
1.8936,-10.699,1
4.1274,-2.1833,0
-6.0837,-9.4145,0
-0.24194,6.5245,0
2.7514,-2.3394,1
7.5395,-2.1559,0
-3.5982,-9.4969,0
-3.6483,-9.0074,0
7.1071,3.0465,1
3.0361,-1.8666,1
6.9549,-0.87894,1
2.3098,2.4154,0
5.847,-4.3882,1
7.5106,0.74231,0
-0.10137,4.803,0
3.4245,4.4455,0
-7.314,-1.5507,0
0.94105,1.0183,0
4.2563,0.4287,1
-2.2878,6.5693,0
2.1026,-5.2384,0
7.3929,-10.355,1
12.015,0.81624,1
16.194,6.4064,1
2.7614,0.58282,1
1.4565,-13.451,1
0,0,0
-6.3656,-5.9227,0
5.5575,-3.0995,1
6.9807,7.0041,0
4.2247,-5.5736,1
5.2761,3.9775,1
5.906,-2.3248,1
-6.7778,-12.981,0
-1.6191,-13.844,1
10.784,-13.085,1
20.731,-5.5642,1
2.8225,-4.0612,1
11.803,5.8998,1
-2.9557,-2.4013,0
-0.536,-10.532,0
4.6636,-2.4181,0
-4.5548,2.4857,0
-7.4773,1.0558,0
3.5242,1.0014,0
1.9156,-1.3304,0
-3.2194,-6.0853,0
-2.8772,-2.0012,0
0.50048,6.1204,0
9.1886,-4.398,1
17.069,-5.547,1
1.8861,3.2721,1
5.9037,-7.5887,0
3.8564,-10.066,1
5.1711,1.2067,1
0.46706,-11.738,1
3.3964,2.0735,0
-4.6996,-1.1779,0
-2.4614,-1.4232,0
11.564,-2.1627,1
-0.96215,0.16474,0
-10.545,-3.1694,0
-2.5983,8.546,0
9.2047,-1.1495,1
0.51381,-13.917,1
-2.2555,4.3545,0
15.423,-5.4224,1
3.068,-0.21021,1
-7.5858,1.3845,0
-2.9557,-2.4013,0
7.969,-7.37,1
-1.5661,-4.9467,0
5.0493,1.7367,0
4.1322,-7.7617,1
8.6003,-5.1839,1
2.7526,-2.0007,1
3.1722,3.3497,0
6.25,8.4462,0
10.825,-9.2608,1
-4.1094,-2.5084,0
-6.321,2.0311,0
-5.5861,0.21202,0
7.8139,-6.2634,0
-4.4025,2.6917,0
1.3274,-1.3765,0
10.842,-2.6435,1
9.883,-3.4187,1
0.013077,-8.3858,1
6.6579,-1.5876,1
0.090847,4.5594,0
1.7342,0.44772,1
6.4031,1.9958,0
3.1172,1.4661,0
-2.9841,-1.6188,0
-5.8374,0.45637,0
14.381,-9.0901,1
5.5152,0.40423,0
16.804,2.0739,1
12.459,-9.7876,1
7.6266,-0.28477,1
8.8759,-9.8257,1
2.3968,11.618,0
7.0735,3.3371,1
2.7026,-5.8924,1
9.3217,-14.407,1
0.72567,-7.7029,1
-0.9626,4.561,0
16.1,-4.5225,1
0.48301,-3.4876,1
-6.636,-2.3097,0
7.7087,-5.1187,1
11.735,2.317,1
6.6045,-6.8496,1
-0.97773,-2.4181,1
11.861,1.3734,1
6.2269,-10.823,1
-2.6182,-6.3151,1
1.3266,-6.0674,1
3.3344,3.6923,0
1.1421,-9.5453,1
2.9582,-3.157,1
-6.9519,-2.3299,0
7.4716,-13.476,1
13.28,-3.2932,1
2.7397,-1.5699,1
3.2752,1.5909,1
-0.51171,-6.8418,1
7.1515,1.1842,1
9.5406,0.60214,1
1.7244,-6.4593,1
6.2832,1.6641,1
-1.7515,-1.0419,0
7.5321,2.7662,1
-2.8576,-5.6246,1
12.103,-4.1062,1
10.907,3.2395,1
-0.4109,8.3812,0
2.3264,3.4736,0
-3.3054,-2.5174,0
-7.7709,2.6526,0
0.015524,-13.773,1
-0.46436,-7.7794,0
11.036,-5.6079,1
12.912,2.9312,1
-5.2214,-2.0717,0
0.27446,-0.63979,0
0.51952,1.7964,0
7.6265,-4.5999,0
7.8269,-1.2589,0
-5.8156,-1.8057,0
15.289,-2.1963,1
11.139,5.179,1
4.9768,3.2573,0
2.5358,-6.2235,0
10.96,-6.0176,1
7.3929,-10.355,1
-0.24194,6.5245,0
0.24984,-8.7644,1
0.4975,-7.6971,1
1.8598,-5.6103,1
7.2403,-11.344,1
12.307,-9.9152,1
1.0155,-11.328,1
5.9645,5.6326,1
10.689,-4.8006,1
3.1474,-11.845,1
-3.7558,-3.7176,0
-1.9512,1.7515,0
5.0502,-1.1077,1
13.822,-1.2316,1
3.5851,2.0111,1
-4.7165,-8.0565,0
-5.7355,6.6193,0
4.7764,-2.8043,1
-3.3379,6.9643,0
11.705,-1.9354,0
-4.4818,4.3332,0
-0.52672,-5.0081,0
4.3614,-13.858,1
2.6031,-5.6082,1
-0.70595,-6.5383,0
4.3195,3.0011,0
5.1377,4.3472,0
2.4124,-1.7416,1
2.7397,-1.5699,1
-0.028377,-5.0474,1
2.9353,-1.1501,0
5.61,-0.83144,0
6.8212,4.4534,0
5.1355,-1.0004,1
3.2836,-3.4145,0
4.5979,-4.6069,0
-3.6173,3.0879,0
-1.9324,0.33085,0
-6.9205,9.5857,0
4.5582,-6.0261,0
7.4316,-0.2611,1
6.6991,-6.0094,0
-2.316,-0.47501,0
-2.0365,4.8217,0
1.8653,-2.5013,0
3.0669,-2.6182,1
1.9621,-5.8805,1
12.143,-6.7964,1
-4.7579,-5.3483,0
-5.4068,6.1814,0
-4.3807,4.8445,0
-1.0874,3.8618,0
12.8,-8.0738,1
4.3395,5.7616,0
1.8598,-5.6103,1
0.38153,1.7557,0
0.20153,-1.3882,0
4.4557,-0.66526,1
5.8298,-0.17005,0
3.2577,0.99399,1
8.8235,-5.4263,1
-7.369,2.6773,0
7.6617,-2.4653,1
4.3708,-0.48012,1
11.817,-10.849,1
-2.6746,7.6806,0
4.4982,-2.2648,0
6.6771,-9.1001,1
6.5641,-8.8416,1
8.7821,-1.1297,1
4.4623,-0.24335,0
10.763,-0.37657,1
3.1482,-0.82258,1
-2.8923,-1.9545,0
-4.629,3.7061,0
1.3346,-12.197,0
5.8956,-0.13199,0
4.5571,3.9373,1
5.9495,-0.49179,1
-0.45399,-6.2244,1
3.527,4.9003,1
9.358,-4.7038,1
3.0978,-0.59733,0
-0.82988,-4.0345,0
2.2735,4.7286,0
11.858,-6.7402,1
8.4081,-8.0891,1
13.823,-5.7857,1
7.9459,4.8037,0
13.162,-6.1113,1
8.1545,-5.2585,1
1.4028,2.7972,0
-1.7748,-4.9725,1
2.7137,-0.18249,1
0.10473,-1.1066,1
-4.2128,-5.666,0
-3.1766,3.4176,0
-3.807,-2.1997,0
-2.4812,-7.5902,0
8.0789,-11.622,1
-0.81157,-1.1636,1
5.7793,-6.9604,1
0.087792,-5.5706,0
-2.7836,0.45995,1
9.5279,-6.4415,1
5.7165,0.5484,1
-3.4755,4.3986,0
7.5996,4.8843,0
-2.2857,1.0887,0
8.6362,-5.3833,1
3.5244,-4.3448,1
-3.8084,-1.1159,0
0.30983,-0.54749,1
-6.152,-8.3429,0
-7.1634,-0.48279,0
5.0413,0.70886,0
0.63447,6.9038,0
-7.5792,-5.4213,0
10.411,-2.7693,1
-4.3287,-10.178,0
3.1388,-0.63213,0
6.7479,-5.2614,1
-7.5722,4.1093,0
0.55317,-2.2985,0
14.397,-9.0934,1
5.2461,-9.7165,1
5.4797,-7.3918,1
-7.314,-1.5507,0
0.46912,1.2039,0
-3.4569,2.476,0
1.2973,-0.10615,1
-5.915,1.3154,0
11.592,-0.19489,1
12.965,-0.37811,1
6.3301,-0.12351,1
4.9241,-7.3748,1
15.063,1.4729,1
-1.2165,-2.2858,0
-0.82434,-6.9609,0
5.0516,-5.2579,1
1.9143,-6.0795,0
9.8843,2.1103,1
7.6617,-2.4653,1
12.187,-3.0089,1
13.897,-0.70301,1
1.8561,-8.5345,1
12.678,-0.68271,1
-0.17187,-5.8124,1
4.3072,-8.8523,0
4.9755,5.0215,0
11.716,-8.3585,1
3.0912,-3.2051,0
13.664,-0.98225,1
8.5992,-6.4897,1
-4.5545,1.114,0
4.1304,4.1845,0
5.5117,-4.5026,1
7.7262,-3.5712,0
4.0472,-8.9029,1
4.8067,0.24711,1
7.566,0.073753,1
5.9,0.98833,1
8.4213,-7.5975,1
3.2312,-12.065,1
2.6515,-4.919,0
4.8349,-2.9149,0
11.83,-13.999,1
-4.9294,7.4091,0
2.042,-6.8972,1
2.3539,-2.0561,1
7.9589,-2.5959,0
10.679,-8.6381,1
5.1085,-14.293,1
8.637,-4.2451,1
2.7579,0.61155,0
4.7617,-5.021,1
7.6946,-2.0004,1
-0.033182,-5.5112,0
8.8349,-2.5078,1
2.9434,-4.7004,1
15.553,-2.0698,1
8.5794,-6.5609,1
13.325,-8.4897,1
0.96119,-10.858,1
2.3294,1.6867,0
-2.6697,1.6323,0
-1.5612,-12.551,1
9.0037,-0.4736,1
4.5383,-2.2889,0
-5.9179,1.766,0
1.3588,-10.272,1
-0.48617,-4.2494,0
-6.706,3.1773,0
3.9287,-6.2705,0
8.5861,-5.0443,1
1.2157,-2.0088,1
7.898,-2.2432,0
18.344,-0.27774,1
9.4131,-8.6652,1
4.1424,-7.1336,0
5.3125,-5,1
-0.17187,-5.8124,1
9.1236,-4.5243,1
1.2058,2.0874,0
7.2642,-2.6388,1
6.6719,-2.1066,1
-1.9324,0.33085,0
0.42954,-4.7954,1
0.42629,4.8679,0
0.39179,-5.9069,0
5.1883,4.298,0
16.34,-8.5962,1
9.6972,-10.582,1
11.625,-12.793,1
7.6617,-2.4653,1
2.9473,-5.2147,1
13.041,1.0501,1
5.3514,-4.711,1
9.1114,0.31382,0
4.4546,2.557,0
0.76433,4.0488,0
1.9045,-1.686,0
0.39479,-2.9742,0
1.7292,-0.70688,0
-1.8686,-1.1657,1
-0.17187,-5.8124,1
5.3866,-4.23,0
12.307,-9.9152,1
1.2516,3.8043,0
2.3161,2.0417,0
6.9774,6.9802,0
5.7901,6.5255,0
10.193,-10.169,1
8.442,-10.74,1
6.6251,-1.532,1
11.996,-6.3431,1
-2.4903,-1.452,0
8.2494,2.3162,1
-4.487,1.9398,0
6.4031,1.9958,0
6.8437,5.4407,1
11.289,-7.1534,1
-7.6789,5.7491,0
-0.25911,-1.0279,0
6.5716,-3.065,0
12.797,-9.6598,1
-2.5506,-5.4989,0
8.6493,-3.1972,1
-5.6029,4.0249,0
1.5731,4.5556,0
6.3381,-2.5605,1
1.1108,2.6855,0
12.054,-0.27985,1
11.905,-3.741,1
-0.8147,3.1626,0
-7.0413,5.5985,0
1.8953,-0.36546,0
5.5759,0.85647,1
1.005,-7.6256,1
-1.7862,-2.7451,0
5.5353,-5.628,0
9.0429,8.7195,0
-4.2342,4.3396,0
4.2975,-2.2107,0
4.1481,-2.155,1
4.8604,-0.78578,1
5.5217,-15.371,1
9.3805,-0.92705,1
5.7695,7.1928,0
-8.6767,1.8632,0
3.2576,-8.4779,1
1.0084,3.1553,0
-6.7449,6.0709,0
2.6362,-13.017,1
3.2389,-5.6641,1
9.5322,-2.9929,1
0.31268,9.39,0
7.762,-10.266,1
5.2459,8.0205,0
12.398,-0.80449,1
-6.9266,5.0504,0
2.5285,1.3692,1
7.6617,-2.4653,1
4.2294,0.52681,1
2.04,0.7562,0
0.47124,2.8035,0
2.9434,-4.7004,1
11.916,-3.4463,1
1.7122,-3.5203,1
0.71459,-7.3521,1
4.0704,-0.73518,0
9.3839,2.3283,0
0.96126,0.79656,0
-1.3327,-5.8202,0
3.6984,-0.98172,0
5.3651,3.6031,0
3.4902,0.52687,0
-1.714,1.9492,0
9.4926,2.4998,1
-3.7575,-4.5409,0
11.481,-3.598,1
-1.6123,0.6646,0
-2.0173,0.62631,0
-5.6284,-2.4049,0
4.555,-1.5301,0
5.7527,-2.1174,0
-1.133,5.0123,0
8.1506,-1.1063,1
9.5443,-2.1659,1
3.523,-2.1972,1
3.2103,4.7603,0
13.459,-4.1407,1
4.3813,-11.144,1
4.1723,-0.64347,1
1.8396,-8.3036,0
4.9872,-2.9758,0
1.7719,-5.8812,0
1.3113,-4.5731,0
-0.77002,0.66236,1
16.885,-5.3426,1
-4.0281,-6.2543,0
2.5755,-6.5866,1
5.5008,-0.63988,0
2.6561,1.6089,0
1.5081,5.7645,0
-0.61338,-8.0149,0
13.333,5.2103,1
9.3572,-2.4568,1
3.768,1.9345,0
-0.94841,2.7351,0
8.563,-10.309,1
-0.72469,2.6371,0
11.916,-3.4463,1
13.433,-9.7241,1
3.6092,-10.175,1
2.1693,0.73332,0
-3.6474,-0.6412,0
11.111,-5.8559,1
0.78821,1.6469,0
2.1588,-6.2306,1
5.6009,-4.8931,1
14.346,-0.22911,1
10.915,-10.214,1
5.1188,-6.4507,1
4.2831,-3.6632,1
3.3013,-5.2395,1
5.4295,6.3595,0
9.0911,0.76491,0
13.56,0.89362,1
2.6537,0.51092,1
-6.1553,-2.0551,0
-0.73926,-10.484,1
11.64,-6.5265,1
13.122,-3.5003,1
0.85462,-3.8314,0
-3.5728,-2.0202,0
4.9113,3.9818,0
10.723,-7.377,1
3.768,1.9345,0
9.4861,-3.777,0
2.3486,-4.2831,1
5.2889,-0.5235,1
12.912,2.9312,1
10.982,-4.6313,1
1.4632,-10.376,1
-5.2198,-4.0394,0
6.9291,1.7332,0
-10.365,1.0359,0
10.964,0.32593,1
0.90051,-2.3974,0
5.6584,6.0802,0
8.7546,-4.7493,1
-1.6137,1.1496,0
1.6876,-5.5966,0
1.4369,1.6581,0
8.3035,-1.9842,0
4.1043,-0.76146,0
-3.7023,-8.0008,0
9.7773,4.9544,0
7.0076,-5.5668,1
9.4244,1.2217,1
-0.64511,5.3739,0
-4.8921,-0.59487,0
-4.1219,-6.396,0
1.5096,-4.1714,0
8.5512,4.0417,0
2.8962,-10.871,1
3.297,-7.618,1
6.177,-5.911,0
-3.1148,-5.5602,0
10.668,-1.5832,1
6.6731,-3.0013,1
5.8881,-1.0347,1
-2.7037,5.1005,0
2.295,-5.5075,1
5.0022,-0.76094,0
-5.0521,2.3004,0
-1.4653,6.6024,0
-1.0488,-5.5008,1
-2.6161,3.2372,0
8.6806,2.9759,1
-4.3409,-4.2244,0
-9.7796,2.0846,0
6.9843,-6.7703,0
0,0,0
14.124,-7.1518,1
2.3037,-7.836,1
5.8818,-3.3462,1
3.6651,-3.3167,0
-0.90924,4.8681,1
4.6997,-0.32143,1
12.608,5.4159,1
-1.2419,-0.50101,0
2.8309,-0.537,0
5.6548,-2.2531,1
2.96,-12.967,1
-5.5075,-1.7463,0
-0.74236,0.45837,0
-2.0404,-6.8775,0
1.0073,-2.249,0
11.108,-4.4183,1
3.0521,0.0025161,0
-0.79256,-0.77822,0
14.28,-2.9413,1
-0.55407,-1.4922,0
6.3766,-1.959,0
6.6331,2.46,0
2.1359,-0.48146,1
3.0978,-0.59733,0
-2.2132,0.8659,0
12.923,-0.49874,1
4.4895,2.8864,0
3.1792,-4.7415,0
7.3775,-6.455,0
0.26014,-0.36424,0
-1.9867,6.8958,0
-9.4427,-0.96617,0
-8.4766,-0.29408,0
9.6245,2.6251,1
1.6987,-4.1565,1
-4.1985,3.2024,0
12.924,-8.2173,1
3.4587,-4.6657,1
5.6236,-4.1772,1
16.814,-1.293,1
9.2141,5.5855,1
4.3922,-2.562,1
-6.3493,4.1037,0
2.9009,0.094431,1
7.3059,1.8116,1
4.3495,-3.5884,1
9.9508,-3.7398,0
9.5012,-5.2525,0
1.3113,-4.5731,0
12.937,4.1942,1
-2.7927,0.67323,0
-6.0008,4.3446,0
5.9686,5.513,0
1.7314,5.2981,0
6.798,-5.2132,1
15.022,-7.4438,1
7.7143,-6.0594,0
15.438,0.83384,1
15.597,7.2001,1
1.6754,-6.024,0
10.523,0.61028,1
14.223,-11.415,1
4.6904,-8.1657,1
10.876,4.2082,1
13.136,-5.195,1
-0.55312,-0.93025,1
1.0112,7.5517,0
1.982,-2.2808,1
-7.6953,3.3314,0
-0.14747,0.41591,0
-7.314,-1.5507,0
8.0149,-11.781,1
-6.3815,-4.8202,0
14.082,4.4174,1
6.1684,0.66822,0
8.1722,4.1829,1
-1.9324,0.33085,0
0.25491,-2.9497,0
5.0342,-9.4434,1
-2.2054,5.9367,0
4.4148,-7.2299,1
4.4202,-1.3578,1
-2.945,1.1202,0
4.0834,-6.8929,0
-0.41541,0.51587,0
-2.0502,-3.291,0
2.1945,1.1267,1
11.382,-4.4508,1
3.6135,6.6682,0
0.3833,-5.5992,0
14.836,-6.4104,1
10.957,-4.9898,1
7.6617,-2.4653,1
-1.6637,5.7271,0
7.7497,-2.9309,0
-2.3635,0.15883,0
3.3351,-6.4614,1
13.035,-0.44191,1
-4.2856,-3.4562,0
8.8361,-1.7727,1
8.1827,-8.9324,1
-0.50824,-8.3471,1
10.98,-4.6227,1
10.644,-1.9347,1
-0.40543,-4.1716,1
2.0566,2.5282,0
1.7207,2.1269,1
6.5057,0.48003,1
10.411,0.31765,1
4.001,-4.2991,1
-5.6406,-2.1868,0
2.2736,0.67206,0
10.135,-8.9481,1
5.3272,-8.2235,0
10.589,-9.2677,1
4.4878,0.91011,1
-1.6311,-3.133,0
-9.8225,-2.2505,0
3.1792,-4.7415,0
1.0158,-0.9794,0
2.3608,-9.1781,1
2.195,-1.4042,0
1.3639,4.1303,0
6.9372,-3.9041,1
6.5177,1.7931,1
-2.0215,3.29,0
7.8558,-7.5138,1
0.81094,-6.1353,0
11.703,1.8493,1
-1.09,-0.89238,0
10.915,-10.214,1
-3.2491,-4.7385,1
9.6227,-2.8543,0
10.104,-3.0086,1
2.1581,0.99066,1
-3.5674,-5.7128,0
-1.5438,-2.0373,0
-1.5663,-2.413,1
2.9032,-1.2043,0
4.6582,1.3908,0
5.331,4.2768,1
6.4037,-5.2693,0
2.0972,3.1721,1
14.195,5.6526,1
7.1548,2.7291,0
3.2755,4.2029,1
11.861,1.3734,1
1.2529,-2.2942,0
-2.7899,3.9951,0
-1.6667,0.16234,0
12.376,-8.8174,1
0.7187,-2.0559,0
0.036542,2.9525,1
9.0485,-13.222,1
12.316,0.73577,1
-4.3689,0.90038,0
-1.6572,-2.7337,0
6.48,-0.90902,1
-0.98981,-3.058,0
11.988,-7.4888,1
11.697,-5.7918,1
12.001,-0.55978,1
1.3629,-2.6447,1
0.19023,-6.5916,1
0.74369,-8.9452,0
1.3266,-6.0674,1
-6.0589,0.14147,0
4.9374,1.0446,0
-2.7927,0.67323,0
5.3002,-8.3307,1
12.532,-5.3076,1
6.1852,5.1185,1
2.2196,-8.3546,1
4.8576,-6.5442,1
-1.6756,3.62,0
2.6471,1.6107,0
12.075,1.0185,1
10.884,-5.1805,1
-7.1313,-2.729,0
-0.61988,-4.2748,0
10.935,-2.9651,1
8.528,-4.5729,1
1.202,-6.9795,1
9.6705,-0.5385,1
5.4408,4.6911,0
10.001,-0.986,0
10.635,-7.9082,1
-0.30015,0.33179,1
7.6342,-2.5471,0
7.6617,-2.4653,1
4.4304,-3.3356,1
2.7262,-8.4811,1
-2.6256,2.3636,0
5.7165,0.5484,1
0.78799,-5.3439,1
7.2263,-8.9662,1
3.2577,0.99399,1
-6.9026,-4.7089,0
7.0674,-10.097,1
4.0892,-6.4125,1
10.155,5.7805,1
9.73,-16.039,1
4.9113,0.33134,1
7.3432,-9.5655,1
6.305,-3.3037,1
-0.28302,-4.6758,1
-6.6107,6.3949,0
7.5547,6.0517,0
1.0284,-2.0495,0
-5.6436,2.5431,0
-3.6287,8.1222,0
0.58947,-1.7704,1
5.5855,2.9122,1
0.0022935,1.6262,0
5.2,-10.074,1
1.5656,2.4237,0
-6.1685,-1.6861,0
-0.85295,-7.8493,1
5.7368,-4.702,1
3.8027,-3.4586,1
0.38881,-5.0617,1
6.0534,3.2918,0
-7.6789,5.7491,0
2.4534,-1.5747,1
7.7523,1.688,0
-6.8324,3.7142,0
1.9429,-1.1807,0
7.4309,0.90021,1
7.5684,-4.3433,1
12.206,-5.8504,1
2.8241,-1.1191,0
2.4475,-1.5145,0
5.8708,4.9447,0
1.0993,-8.286,0
7.0094,-6.5737,1
12.663,-3.37,1
-6.7921,-0.83693,0
11.58,1.8945,1
2.6645,-0.7582,0
-0.24194,6.5245,0
-7.3834,1.7388,0
9.3725,-3.5231,1
-1.6837,0.87939,1
-0.018547,-11.306,1
2.4637,0.57278,0
0.3633,-7.9164,0
8.8488,-7.4482,1
-0.58027,-9.1528,1
-0.66146,-9.7394,1
1.2017,-0.78266,0
12.912,2.9312,1
0.09713,-9.1272,0
0.95209,1.1026,0
-0.73415,-1.1755,1
8.2393,-4.9224,1
6.2429,-0.67237,1
14.656,5.0834,1
8.9383,-0.6737,1
-4.2279,2.671,1
-3.188,3.3877,0
-1.7072,-1.9637,0
2.3556,-9.2618,0
12.156,-4.8031,1
0.57507,-0.68706,0
6.8656,1.4809,0
9.3148,-3.5104,1
6.4104,-0.033742,1
5.6056,7.6414,0
16.805,-1.3962,1
9.1581,1.7056,1
2.5468,3.2851,1
1.038,-5.7574,0
7.1818,-11.581,1
-4.7406,1.6102,0
7.6904,-1.5384,1
5.301,7.6644,0
0.97296,7.1121,0
0.97908,-0.58126,0
9.0094,3.1336,0
7.1422,-4.2617,1
-3.897,7.5645,0
14.621,3.9379,1
16.786,2.3495,1
2.1779,-4.5816,1
-7.1609,-1.0738,0
8.6476,-1.7809,1
2.7687,-4.6175,0
0.80591,-3.056,0
16.465,-6.8298,1
1.6115,-0.57256,0
10.063,-9.3095,1
5.6843,3.9508,0
3.8627,3.3602,0
-7.5722,4.1093,0
4.7738,0.81538,0
7.5861,-6.5113,0
5.2046,-2.1617,0
-0.48171,2.8592,0
1.1974,-1.199,0
7.6617,-2.4653,1
12.078,-11.08,1
-0.7687,6.4354,0
5.5619,-4.3228,0
10.795,0.49361,1
1.7283,9.5036,0
9.7601,-3.7328,1
5.873,-5.3448,1
6.795,0.30126,0
-3.2808,1.4465,1
6.0704,-7.0449,1
3.8211,-6.4016,1
-1.88,-2.0519,0
7.013,-5.0719,1
8.0924,-3.3047,1
3.8714,-0.14507,0
7.3839,-9.0968,1
-0.85295,-7.8493,1
1.3383,-3.3089,0
0.59737,-3.5734,1
9.1102,-5.616,1
8.4507,-7.8407,1
-4.7583,7.7866,0
-6.0677,4.1971,0
6.4975,-9.2881,1
11.078,-8.2111,1
10.024,-4.1299,1
6.5316,-4.0791,1
4.1794,2.6468,0
-1.7825,-5.0961,0
2.2905,2.1304,1
7.432,-6.1711,1
-0.062707,-4.3762,0
-0.11767,3.1733,0
-1.1368,-2.1418,0
6.4281,-0.91513,1
-4.7714,-2.6769,0
10.321,-9.0031,1
6.9503,7.2469,0
1.8479,-4.9957,0
4.5547,-0.9947,1
4.3824,-3.1738,1
7.5603,-0.69758,1
1.4878,2.505,1
14.393,-4.4828,1
9.252,0.078629,1
0.12347,-0.27824,1
8.3363,-0.27535,0
8.7231,-3.2172,1
7.6387,-7.8606,1
5.645,-3.7623,0
-3.3441,-2.0024,0
-11.681,2.254,0
10.918,1.9199,1
3.3543,1.5939,0
3.8017,-0.85363,1
4.3286,-3.308,1
6.9091,-0.79681,0
-0.74227,7.1913,0
-1.3585,-6.0404,0
4.5368,-2.8246,0
-2.7927,0.67323,0
7.5593,-16.079,1
6.72,-6.1113,1
-2.4057,4.1911,0
7.1422,-4.2617,1
7.5116,6.3393,0
0.4698,0.19925,0
2.4417,-2.0192,1
6.6704,-9.7374,1
-2.8702,-0.57411,1
0.3973,1.8093,1
6.7512,0.53609,0
14.632,-3.9884,1
6.127,2.077,0
-11.886,6.3825,0
6.6246,2.1992,1
6.268,-10.002,1
1.7499,0.43553,1
1.5356,-10.321,1
-3.0584,5.4924,0
1.3611,0.53362,0
3.773,-5.952,0
3.2998,-1.7471,1
-6.8189,-3.2168,0
8.9588,-2.5482,0
13.354,-10.928,1
-3.3395,-7.8114,1
7.795,7.43,0
7.5019,-7.8425,1
-4.1439,3.5753,0
13.052,-3.6225,1
5.4034,0.78547,1
0.61042,-11.869,1
8.5874,-0.94066,1
13.389,2.8178,1
5.191,-2.5102,1
3.6421,-13.061,1
0.51934,-0.17195,1
5.5786,-10.4,1
-1.6123,0.6646,0
5.3763,7.0964,0
1.6926,-6.4198,1
3.2752,1.5909,1
15.49,-1.402,1
-2.1689,6.9541,0
6.9002,2.2628,1
-1.1502,-4.0395,1
13.466,-0.71328,1
-4.9236,-1.1403,0
-0.38954,2.7322,0
-2.3826,-2.7016,0
4.3897,2.0308,0
5.6735,0.80518,0
9.9394,-5.2633,1
5.1249,-6.6754,0
4.3674,3.3827,0
-1.0874,3.8618,0
6.4805,7.9906,0
15.994,-4.9395,1
-6.9864,2.4696,0
4.0139,0.99384,1
11.432,-4.5084,1
-2.7201,1.4707,0
7.534,-10.169,1
4.689,-2.7369,1
3.7121,1.3629,0
-4.2319,-0.71187,0
6.9824,1.4763,0
-0.84056,2.8539,0
1.5855,-3.3909,0
-2.4887,-7.1673,1
5.1017,-7.7621,1
-4.944,-3.9683,0
-2.7158,-2.5806,0
7.4667,8.9922,0
10.243,3.6278,1
-1.4653,6.6024,0
3.3304,-10.102,1
12.152,-6.0542,1
0.25183,-2.9273,0
-1.0474,-1.3874,0
6.3381,-2.5605,1
1.5047,-1.5632,1
7.795,7.43,0
8.847,2.937,1
0.61362,0.045949,0
12.52,-2.2341,1
-0.77774,8.6582,0
2.237,-3.4099,0
1.7107,-0.50953,1
12.768,0.49487,1
4.4684,-0.72922,1
-0.15562,4.5375,0
0.96126,0.79656,0
-0.025857,1.5761,0
-6.1553,-2.0551,0
6.3066,1.4005,1
-2.213,1.9195,0
-0.93226,-6.0981,0
6.4137,0.87456,1
-7.399,4.0004,0
11.823,-9.0843,1
6.2673,-5.8867,0
3.3535,-3.5758,0
6.5317,-6.9554,1
0.44041,-1.3038,0
-2.7927,0.67323,0
1.1356,-5.4146,1
-0.1865,-0.49235,0
2.4397,-10.707,0
-3.6164,-5.469,0
-2.9294,6.2446,0
10.915,-10.155,1
-1.3344,-4.5557,1
3.6669,0.4886,1
4.425,-15.371,1
11.038,0.81141,1
-0.68718,4.2232,1
6.7265,-2.9978,1
1.0637,-4.9429,0
2.2668,-0.41825,1
-4.7925,-3.9658,0
6.3692,1.6295,0
-3.4981,-3.4676,0
-1.3163,-1.9573,0
8.604,3.9712,0
8.0346,-2.0435,1
12.516,2.0777,1
5.3178,-5.6478,1
9.1381,-6.6022,1
-0.17267,-9.1133,1
0.70499,-6.589,0
4.911,-1.1204,1
-1.627,2.3043,0
-3.715,0.53911,1
9.3035,-5.2032,1
-3.3094,5.3597,0
4.461,9.6524,0
6.4038,0.89405,1
5.0442,0.25332,0
-5.4068,9.2978,0
7.8366,10.855,0
7.9769,-7.6781,1
-8.3454,1.1643,0
4.5869,2.0979,0
1.2909,-7.8017,0
10.314,-0.91199,1
6.3567,0.99788,1
8.5026,5.9711,1
7.6617,-2.4653,1
11.471,-5.4137,1
5.5854,-5.9966,1
8.2114,-0.67772,1
0.9695,5.1783,0
-10.655,2.8018,0
5.6376,1.4718,0
2.34,-4.3596,0
8.9799,-0.1737,1
7.6238,-3.19,0
0,0,0
3.6014,-8.0949,1
-0.40471,-5.7265,0
2.1485,-0.027546,0
-3.0382,-4.0835,0
4.9113,3.9818,0
6.3321,-1.6594,0
0.34715,4.7062,0
10.501,-7.3851,1
4.2659,-9.3796,1
3.4418,-6.7699,1
15.411,3.7321,1
-3.807,-2.1997,0
10.019,-2.8725,1
2.8578,3.3834,0
8.2308,-9.5673,1
12.973,-1.7786,1
2.0329,3.0145,0
-3.9515,-1.6233,0
-3.6563,6.5205,0
-9.634,9.0625,0
-3.2247,-4.8645,0
14.424,-3.5249,1
-1.3784,2.7817,0
1.8581,-0.085835,0
1.9986,-4.176,0
8.687,1.4755,1
6.3836,-8.6654,1
1.7752,-9.5594,0
-4.2297,6.2563,0
-2.5527,7.6409,0
10.75,3.3652,0
-4.7709,1.4332,0
0.74117,9.8358,0
8.8528,-15.568,1
8.0862,-2.8014,1
-7.8625,3.6536,0
0,0,0
6.5579,-6.9378,1
5.2408,-8.0312,0
-0.72031,-0.60803,1
7.4636,-1.6197,1
-0.87732,7.6815,0
13.026,-6.3545,1
1.6366,-1.0372,1
-0.39323,-2.7502,0
0.39179,-5.9069,0
-0.35878,5.6699,0
-3.0221,2.0304,1
-1.8068,5.853,0
7.1051,2.6869,1
7.7721,5.9316,0
7.9523,-4.2164,0
0.84218,-0.28295,1
9.3602,-1.1124,0
-3.7385,5.5049,0
8.6297,-6.3345,1
0.9568,-0.70174,1
1.5207,8.2615,0
11.604,-4.505,1
0.73835,0.041549,0
7.8505,7.3172,0
4.3189,-6.807,1
5.7761,-2.3145,1
-5.7355,6.6193,0
-5.0063,3.7802,0
1.4992,2.4078,0
8.4081,-8.0891,1
2.9923,-2.3344,0
-4.6988,2.4858,0
0.94698,1.8088,0
9.3777,-1.3809,1
8.3331,0.4606,1
2.9253,-1.4364,0
9.9399,-6.4327,1
5.2946,2.6218,0
-0.58118,-8.448,1
4.545,1.8729,0
-3.0256,0.71896,0
-2.9342,-6.9538,1
12.054,-0.27985,1
7.1027,-1.013,1
-0.076131,-0.89571,0
15.599,-6.9017,1
13.963,0.19178,1
4.9647,5.6526,0
4.9939,5.8477,0
12.001,-0.41513,1
12.703,-0.011848,1
2.3009,-12.827,1
-7.1445,6.1931,0
0,0,0
15.845,-12.789,1
0.58118,9.3805,0
2.0319,-2.1477,0
12.252,-7.2981,1
3.039,-8.58,1
-2.283,8.2733,0
-6.1872,-3.1637,0
-0.73176,4.2279,0
5.7199,-5.6265,0
7.6617,-2.4653,1
-0.91872,10.514,0
1.0465,-11.862,1
6.436,6.7253,0
6.9919,3.6788,1
-2.5978,-2.1787,0
13.053,-7.0628,1
-0.11481,-3.104,0
3.6075,-8.3915,1
13.07,-5.9331,1
-7.6168,7.2629,0
5.0587,-1.2365,0
-0.46033,-4.0113,0
15.694,-6.0098,1
1.1784,-4.5885,0
0.75639,-2.4123,0
13.96,-4.3208,1
1.2106,0.63068,0
4.1894,-1.8426,0
-7.2282,-5.1974,0
-2.0148,1.6903,0
-2.4448,-4.927,0
14.017,-10.235,1
6.5418,-1.4106,0
6.313,3.7612,0
-7.2434,4.434,0
8.1628,-1.0616,1
-4.4318,-0.19451,0
0,0,0
12.38,-4.8681,1
-4.1838,3.4654,0
-10.365,1.2069,0
0.105,7.9431,0
3.1482,-0.82258,1
8.4964,1.3462,1
-7.6953,3.3314,0
2.2106,-3.9037,0
-2.7346,-10.584,1
3.2086,-9.9717,1
1.8669,-1.7975,0
-3.0482,0.73868,0
5.6288,1.8165,0
-0.72809,2.7863,0
-0.053548,4.8946,0
2.7237,-8.4117,1
1.4619,9.4579,0
-4.121,5.198,0
0.51952,1.7964,0
-7.6285,5.6793,0
9.3133,-1.3831,1
8.9944,0.54122,1
-1.2119,-5.131,1
9.6566,-15.309,1
-5.9459,7.4386,0
-6.4366,5.6185,0
-1.1762,-4.4195,0
-3.2995,-2.2228,0
4.1175,-10.249,1
-11.672,-8.6713,0
5.0005,7.3729,0
6.1684,0.66822,0
6.2747,5.709,0
8.4972,-2.7821,1
-0.12791,-5.4063,0
3.9772,8.0223,0
-6.6055,-0.5374,0
11.213,-0.76577,1
1.4666,-8.0266,1
7.5147,2.7693,0
1.0754,4.2691,0
2.5685,4.2585,0
-0.56984,-7.3412,0
15.569,-2.6257,1
3.4673,-7.6238,1
1.9488,5.1517,1
10.576,-6.8215,1
0.060728,-2.1545,0
6.1054,-4.345,0
7.4378,-4.7863,0
11.916,-3.4463,1
0.20321,1.5513,0
10.135,-8.9481,1
-4.9872,-0.72877,0
-1.7585,4.405,0
-0.85295,-7.8493,1
6.8457,-7.1465,1
0.39179,-5.9069,0
-8.1736,3.2326,0
-5.8907,-0.41123,0
2.9434,-4.7004,1
6.1492,-2.6593,0
-5.9739,3.2932,1
2.9084,8.8309,0
7.1091,-1.1206,1
-8.0475,2.5203,0
0.93237,-6.141,1
0.63985,-2.0398,0
5.5864,0.51744,1
-2.8702,6.3436,0
3.6028,-2.1182,1
7.2832,0.13113,1
3.9324,-5.5002,0
-2.5521,1.8959,0
10.116,8.6539,0
-1.2891,0.13908,0
8.9292,-5.949,1
-1.9324,0.33085,0
0.55584,-5.3995,1
5.1468,-1.2596,0
8.8741,-8.6307,1
3.7372,-4.9937,1
-7.6168,7.2629,0
-4.1988,-0.43876,0
-0.62764,-2.0862,0
-5.6863,-2.5566,0
4.372,-13.51,1
-7.0429,0.4983,0
1.9533,-7.9938,0
3.2611,-0.7558,0
-0.61726,-5.1531,0
13.305,-0.60264,1
4.5372,4.2188,1
12.217,0.61122,1
4.2081,2.7504,1
2.3457,-9.8207,1
2.0078,-3.5996,0
-4.547,-7.4683,0
3.1124,1.5972,0
-4.1477,6.6442,0
3.1577,-8.523,0
10.2,-7.2947,1
4.3549,-2.3688,1
-7.9683,8.4778,0
-3.2379,4.4018,0
3.1792,-4.7415,0
8.321,-4.471,1
-0.41978,5.2244,0
-7.7471,3.8789,0
1.8704,-5,1
-6.7773,-3.6359,0
8.2058,-0.25045,0
-0.1951,0.13442,0
-0.72215,1.6437,0
-0.5097,-7.2859,0
4.2357,-3.9574,1
5.845,5.9947,1
6.9703,9.1893,0
-0.4085,4.1381,0
6.0157,-2.8396,1
9.8386,3.3436,0
-6.3077,-0.83364,0
-1.25,-10.681,1
-8.045,-4.1683,0
0.60118,-1.7566,0
2.5113,2.4907,0
-0.18453,6.9624,0
11.354,2.2639,1
5.7822,-3.9557,0
-7.2278,-7.0153,0
3.4245,4.4455,0
-1.4828,-4.2618,0
-3.7043,6.515,0
-7.521,6.8602,0
7.6928,-4.0949,1
-6.3532,2.486,0
0.2097,5.7188,0
-4.7563,8.0813,0
-0.81193,-5.3115,1
-6.2877,1.0786,0
-1.0842,6.6977,0
6.1922,7.4401,0
9.6541,-7.1112,1
-2.2701,-9.8927,0
5.549,-2.6134,1
11.736,-3.0459,1
14.608,1.2865,1
8.4298,-1.4199,1
-3.103,-1.0041,0
-6.2075,2.9663,0
4.6961,-3.795,0
-8.9177,-1.6884,0
6.6531,-5.7655,0
3.7833,-3.6694,0
2.6233,2.1225,0
3.0931,3.085,1
6.1923,1.1258,1
0.22719,0.67536,0
-1.468,4.8638,0
8.49,-9.7938,1
1.7801,-1.1576,0
6.5418,-1.4106,0
9.698,1.5598,1
7.2463,-7.0713,1
-9.4029,2.0212,0
0.46318,-5.043,1
5.4598,-0.63126,1
-1.7281,7.4067,0
3.0191,6.1051,0
-0.41541,0.51587,0
5.2616,5.7612,1
12.707,-6.9699,1
7.0208,-5.098,1
-0.55312,-0.93025,1
-2.4881,-5.821,0
6.4082,6.3051,0
15.103,1.4627,1
-1.2178,5.6338,0
9.4887,-7.4517,1
2.4036,-0.98042,1
8.2231,0.15464,1
4.8646,-2.0366,1
2.8548,-4.4559,1
10.501,-7.3851,1
3.1296,0.83295,0
-3.206,-4.6185,0
-0.46561,5.8816,0
4.7188,5.635,0
5.2794,2.4603,0
-7.8356,3.594,0
10.215,9.6932,0
2.8596,4.3145,0
0.77374,4.7695,1
-0.63767,-1.2293,0
4.0614,-0.20685,0
12.103,-2.9713,1
1.7935,-3.0798,0
-3.2567,-0.14389,0
-0.79137,1.4575,0
2.9658,-0.050883,0
4.7464,-0.71414,0
2.17,7.1942,0
16.38,-4.8124,1
4.9374,1.0446,0
12.997,-4.6014,1
-2.8965,1.7291,0
11.367,-11.406,1
7.8327,0.046505,1
-1.8986,-1.3448,0
1.0382,-0.52137,1
14.161,-8.6415,1
1.2086,1.0276,0
11.029,1.2581,1
6.1595,1.6807,0
-1.5351,-4.7579,0
-1.6804,-2.5392,0
-1.6183,2.9636,0
12.301,-8.9344,1
8.0466,-5.1925,1
-5.1796,1.4981,0
11.056,-2.5438,1
1.2945,-7.3987,0
4.8561,-1.1376,1
-7.5683,2.2082,0
9.3918,-14.513,1
7.2747,-11.591,1
6.977,-5.2942,1
7.9523,-4.2164,0
11.691,0.60122,1
-1.9238,-3.528,1
-6.9729,10.017,0
6.2673,-5.8867,0
3.2658,-4.1307,0
7.745,0.50849,0
3.7955,-4.8908,0
7.3868,7.9791,0
0.36876,-6.7814,1
3.0356,-5.4543,0
2.0948,4.3223,0
2.7261,3.9241,0
1.2727,2.2474,0
-3.911,-7.8037,0
-0.59686,-1.019,0
-1.8212,3.0282,0
1.4092,-9.2902,1
-4.3326,0.64213,0
4.7188,5.635,0
4.1424,-7.1336,0
-6.5863,-1.1379,0
6.3926,-2.1778,1
3.7981,1.9172,1
-3.8959,2.2783,0
7.0751,-9.3763,1
-1.831,5.8144,0
11.593,-4.7727,1
8.6471,-8.6465,1
-0.24194,6.5245,0
1.3589,1.3427,0
1.2303,-11.325,0
-2.4013,4.2603,0
0.65007,-8.037,1
14.048,-11.419,1
-3.6651,4.668,0
-0.53884,0.1544,0
10.904,-3.854,1
2.4008,2.8669,0
0.51713,-5.2402,0
7.2548,-4.8317,0
-3.994,3.4391,0
11.718,-4.8186,1
7.0366,-4.3188,1
3.714,-1.2388,1
4.5251,-4.3674,0
11.316,-7.8723,1
8.6078,-2.8846,1
6.2798,-10.16,1
3.798,2.648,1
-3.4922,3.8797,0
-4.3703,-2.1225,0
6.9002,2.2628,1
0.92064,4.3015,0
4.3749,-4.6726,1
-2.0414,-3.2795,0
4.0813,5.0087,0
-3.747,-0.75665,0
3.1792,-4.7415,0
15.423,-4.2929,1
-7.6953,3.3314,0
-5.2642,-2.0726,0
2.6412,0.90623,0
-5.1617,7.072,0
3.4416,-3.6922,1
9.4198,-1.483,1
-1.5781,1.5751,0
14.912,-5.5796,1
8.3676,-3.9726,1
0.54524,-4.7142,0
-3.8515,-0.99456,0
-1.4728,2.7083,0
2.2407,-2.9917,1
17.154,-2.7014,1
1.0061,4.2202,0
4.4172,4.8321,0
-2.1979,-3.2654,0
9.1109,-2.6991,1
6.198,-12.67,1
11.042,-4.9442,1
-2.8622,3.1034,0
-1.4912,5.9179,0
7.008,-6.5435,0
-0.71386,-3.6161,1
-7.3711,5.0193,0
6.474,-3.9959,1
-2.0937,-1.7148,0
-4.9224,-8.1111,0
1.2831,-5.9698,0
8.4155,-3.1466,1
-2.8772,-2.0012,0
-2.5328,-5.2287,0
2.0633,-8.5314,1
-5.1675,8.61,0
6.2918,1.3761,1
3.2752,1.5909,1
6.5964,-9.3665,1
-5.2242,-1.7095,0
10.721,-6.1117,1
7.2288,2.8464,0
0.14375,-0.77894,0
-7.258,3.0689,0
9.5164,-7.0313,1
8.0268,-2.6881,0
2.5377,6.503,0
2.504,6.0488,0
14.681,-10.917,1
9.5264,-8.9331,1
-7.9322,-1.0285,0
-0.40817,1.0577,1
8.1036,-5.6955,1
0.11643,5.7538,0
3.7694,-5.546,1
-7.399,4.0004,0
0.24231,-4.5419,0
9.9084,2.6032,1
6.2031,0.083452,1
1.7382,-1.513,0
-2.7873,-1.4663,0
11.305,0.71141,1
0.7374,-10.14,0
0.51952,1.7964,0
-1.0703,7.859,0
10.915,-10.155,1
7.4286,-2.1027,1
1.8555,-5.9935,1
14.516,-3.1114,1
3.9806,-13.57,1
-9.1525,5.5262,0
1.5346,-7.2228,0
5.3716,-7.2409,1
9.731,-7.6233,1
1.4951,-2.7058,1
-2.0268,-4.4164,0
7.305,11.813,0
7.1825,4.3334,1
0.011013,-6.767,1
-2.5328,-5.2287,0
8.7837,2.3383,1
-1.7586,5.9077,0
6.2216,-2.8676,0
5.3714,-0.30551,0
5.9159,-4.8823,1
-3.4168,-6.95,0
-0.06423,0.064255,0
2.4475,-1.5145,0
7.411,3.8587,1
11.493,5.6007,1
-3.8213,6.2087,0
-0.52315,7.2267,0
-2.1214,-8.2924,0
11.255,4.7193,1
-7.521,6.8602,0
7.6657,2.1909,0
3.4217,-0.77041,0
11.424,-7.4897,1
0.0014142,-3.0663,0
17.684,3.2301,1
7.9383,-10.856,1
0.69904,-7.6729,0
13.841,-10.271,1
-3.4352,1.844,0
-1.4952,-3.3875,0
4.9031,3.7467,0
-2.3101,0.99958,0
10.808,-2.2517,1
-0.55878,0.23919,0
7.2179,-5.187,1
3.8605,-0.18308,1
-7.0061,5.0898,0
0.86415,2.4426,0
5.1931,-2.5932,0
-4.1072,-0.18035,0
-3.4271,2.4253,0
3.4229,5.0073,0
6.4181,4.7219,0
9.7677,-6.6484,1
-5.6595,-5.4525,0
3.4531,1.0498,0
0.95828,0.53802,0
0.4062,-3.6392,0
9.8782,1.5171,1
-5.7355,6.6193,0
7.6205,-3.1659,1
-7.8502,0.53857,0
-3.815,-0.53842,0
1.5119,0.054659,1
0.2097,5.7188,0
0.09713,-9.1272,0
0.19686,-0.22236,0
-0.34199,-2.0418,1
3.3351,-6.4614,1
3.6328,3.0279,0
8.3545,-0.53013,1
-7.1575,0.80473,0
-1.6663,-0.131,0
5.4789,2.3777,0
10.374,-12.127,1
2.3663,9.8748,0
0.062045,5.6776,0
9.1043,-0.31708,0
-0.75893,-1.6466,0
5.7822,-3.9557,0
-2.335,-14.21,1
-0.23298,-11.59,1
-2.8923,-1.9545,0
-2.088,1.8235,0
-1.3055,3.63,0
7.4611,-4.4199,1
3.2458,3.2193,0
3.1792,-4.7415,0
11.64,-10.758,1
5.7695,7.1928,0
-0.1197,-3.8898,1
-2.0948,1.997,0
10.456,-6.1521,1
-1.8211,4.9703,0
-2.0258,-1.1952,0
14.16,-0.23941,1
5.913,6.5612,0
14.97,-1.0383,1
5.2784,-9.6932,1
4.0347,-4.0813,0
7.6889,-1.9461,1
-6.9519,-2.3299,0
1.7949,-0.1253,1
2.7371,2.2042,0
7.634,-1.4166,1
-5.0121,3.8053,0
8.2892,5.4349,0
2.0353,-0.58211,1
-3.4482,7.8568,0
-2.5704,-3.6657,0
5.646,-1.8512,1
5.729,5.4127,1
5.2257,-6.541,1
3.4528,2.8209,1
12.847,5.8103,1
-1.8164,1.4584,1
5.191,-2.5102,1
8.4535,-8.8348,1
3.6977,-5.5845,1
-2.5436,-5.1438,1
-1.6911,-2.0448,0
-0.53633,-6.4554,0
-2.7927,0.67323,0
6.352,-3.363,1
9.883,-3.4187,1
5.5706,-3.9196,0
-0.88836,-7.0168,0
-2.0443,-4.3615,0
9.6455,-11.736,1
1.7773,4.6981,0
7.736,-4.1027,1
-2.6149,-3.1737,0
4.5776,-5.6804,0
5.7627,-4.2639,1
12.912,2.9312,1
0.35845,-8.734,0
13.551,3.5823,1
8.7664,5.3647,1
9.944,-6.6713,1
-1.2685,4.6655,1
-5.8763,-10.106,0
-10.451,3.8332,0
-4.5518,5.7701,0
0.71481,3.6376,0
