-0.37183,0.48807,-2.1937,-1.4038,-1.3738,-0.91155,-0.91635,-0.45316,-0.66464,-1.014,-1.8611,-2.6615,-0.32746,-1.3358,-2.0141,-1.3208,-0.64129,0.64553,-0.53924,-0.28182,-1.7462,-0.9791,-3.0059,-1.5526,-2.445,-0.10023,-0.8575,-1.6575,-1.1377,-2.301,-0.28103,-1.0583,-1.6002,-0.5323,-0.88864,-0.50509,-0.61255,-0.6645,-2.1565,-0.72932,-1.1169,-1.0892,-0.4124,-0.96546,-0.12951,-1.7076,0.46471,-1.003,-0.011934,-0.15793,-2.1232,-0.68335,-0.45519,0.055669,-1.9546,-2.8,-1.4273,-1.9112,-2.6084,-0.47865,-3.0199,-1.7395,-0.79813,0.0094518,-1.9439,0.047423,0.45945,-0.0050189,1.102,-1.5444,-2.2435,-2.3396,-1.0812,0.081693,0.43255,0.48979,-1.7182,-0.27795,-0.22807,-2.4476,-1.4154,-3.2414,-1.971,-0.55218,-1.1617,-2.7816,-0.63722,-0.39046,-1.4063,-1.5424,-1.0651,0.053815,-1.4854,-0.38495,0.20628,-1.0828,-2.7239,-1.2533,-2.2551,-0.48096,-1.8963,-0.91056,0.31032,-1.5654,-0.25951,-1.3324,-1.5604,-0.42691,-1.8131,0.76528,1
-0.5415,1.072,0.048086,-0.78395,-2.0014,1.1276,-0.49749,-0.22837,0.62047,0.76964,0.48559,2.3623,0.31872,1.6865,0.22328,-0.1989,-0.21249,-0.012531,-1.3126,1.2438,-0.23757,-0.69329,0.32343,0.32099,0.47098,-0.31726,0.085004,-1.4673,0.16622,0.10169,-0.21586,0.093911,0.57351,-1.2621,1.3216,1.3197,-1.0069,-0.091766,1.7564,-0.045013,0.36047,-0.34969,-1.4386,0.63612,-0.51321,1.1343,0.094442,1.0207,1.3271,-0.22962,1.3668,0.13076,0.8683,-0.24582,0.70557,1.007,-1.2123,0.75167,1.2218,-0.43154,0.59156,-0.25682,0.16443,1.4529,0.082165,-1.0569,-1.1395,0.4413,-0.89178,1.4764,0.58534,0.41613,-0.080966,-0.020059,-1.0385,1.5998,0.42578,0.14299,0.1298,0.48688,0.93801,0.14557,0.51295,1.0385,-0.49661,0.69278,1.2683,0.83084,-0.21904,0.52345,0.74209,-0.20047,-0.99514,-0.84174,-1.0112,1.5448,-0.36965,-0.76588,0.19276,-1.6004,-0.90387,-0.0085125,0.50574,0.50181,0.89048,-0.9039,0.11153,-0.13374,-0.21516,-1.7465,1
1.168,0.54979,-0.20599,1.3604,-0.05022,-0.32472,-0.043964,-1.4872,-0.28854,-0.4551,0.037491,-0.38884,0.25054,1.3052,1.3888,0.094141,-0.71426,1.7414,-0.37527,0.24497,-0.13664,-1.7797,-0.3055,0.21414,-1.6244,0.31827,-0.53515,-0.60205,-0.069385,-0.45754,0.63498,-0.55196,1.1433,-0.59192,1.0365,-0.91194,-0.59467,-0.20251,0.73814,0.36142,1.1277,-0.13468,0.028611,0.57654,1.7333,0.050704,-1.1278,-0.5499,0.266,0.27463,0.008485,-0.15465,0.284,-0.11113,-1.2988,-0.14464,-0.5451,-1.2979,0.16516,1.8857,0.33781,-0.96094,1.8694,-0.22958,1.1186,0.2746,-0.048622,1.0446,1.1528,0.12665,-0.71371,0.29758,0.70834,0.15886,-0.87278,-0.98517,-0.4116,-0.25318,0.4485,0.063883,0.34817,-0.10481,-0.91487,0.74897,0.17159,-0.16799,-0.3591,-0.38679,-0.2739,0.50326,-0.82877,0.30433,-1.2114,-1.4721,-0.32242,-1.1989,-1.1225,-0.076951,-0.56995,-0.41098,-0.63395,-0.68579,-1.2097,-1.2265,-0.49502,-1.8227,-1.2784,-0.83606,-1.4007,-0.36843,1
1.1322,1.3108,0.45624,0.094639,1.7707,1.9105,2.254,3.8075,0.097841,0.81942,0.67494,-1.3461,0.85567,0.12897,0.075777,0.20639,1.106,0.70011,-0.29341,0.16114,0.49109,0.42358,1.7555,1.2064,-0.98863,0.22412,1.5245,1.1094,1.5634,0.94756,0.64395,0.81478,0.06583,0.19815,1.1275,3.3657,1.7852,0.52719,0.9285,1.7879,0.46003,0.44426,0.40052,-0.28554,1.3882,1.5053,1.2179,-0.63315,1.5314,1.1495,-0.032297,1.6925,0.78069,-0.71185,-0.13996,0.046386,2.0864,-0.76484,0.70299,0.27583,-1.2633,1.1366,1.3869,-0.31148,-0.78015,1.24,0.5607,0.74241,0.81586,-0.076996,-1.6686,0.92929,0.89606,1.4287,0.22057,0.58572,0.23605,1.7463,1.5784,0.83812,1.5434,0.21261,1.2348,0.57047,2.3753,1.1806,-1.0293,1.9553,0.32984,0.87777,0.8867,1.5981,1.0243,1.7538,2.317,2.0654,0.58859,1.6238,0.89125,1.4808,0.45662,1.5438,-0.2866,-0.63433,-0.12278,1.5492,0.83197,0.84831,-0.85181,1.6083,1
0.36104,0.93009,0.30789,-0.3155,-0.36253,0.29904,0.85865,0.6543,-1.0623,0.42247,-0.59285,1.4564,0.60834,-0.99417,0.6555,-1.2974,0.83457,0.041504,-0.16412,-0.55571,-0.079832,0.020128,-0.51836,1.2138,0.25067,0.30397,0.3512,-0.31566,1.9049,-0.45672,-0.45067,-0.49453,0.32606,0.59672,0.18398,0.23489,1.4171,0.73339,-0.19601,-0.2302,-0.76507,1.0552,0.63011,-1.4021,1.384,-0.93946,1.2648,-0.26231,0.20608,1.205,1.3618,0.6551,1.4601,-1.7721,0.50022,-0.78429,0.73655,0.035449,-0.29597,-0.20684,0.052798,0.71242,-0.45103,0.22714,0.72722,0.9521,-0.056595,-0.32839,0.48957,0.60286,-1.1005,-0.44534,1.0993,0.37418,-0.22763,1.4884,-1.4196,0.70807,1.7553,0.97824,0.54358,-0.82878,-0.018055,-0.012626,-0.11566,-0.10623,-0.76301,-0.1726,-0.078368,0.090394,-0.81862,0.63008,-1.2415,1.0393,-0.74453,0.053389,-0.40579,1.7725,-0.76204,-0.16463,-1.3943,-0.9288,-0.07252,0.014522,-0.093696,-0.81373,-1.0626,-0.82941,-0.63369,1.7048,1
-0.29571,-0.54943,1.1363,0.88213,0.55677,1.6446,0.47048,1.9182,0.37019,0.67907,0.85192,0.012344,-0.5838,0.42457,1.1314,-2.3071,1.0588,-0.14033,0.977,1.3724,0.38983,1.8428,0.16624,-0.27549,0.025986,-0.35744,0.14882,-0.14119,1.2534,0.25583,-0.29601,1.2021,0.031952,0.32264,0.78018,0.39431,1.0828,1.6424,0.25769,1.1099,0.60403,0.4062,-0.18804,0.70822,-0.87634,1.1623,1.8455,1.392,0.38656,0.90515,1.3603,-0.37434,1.0405,-0.2432,1.3025,0.386,1.6105,1.2648,-0.55662,0.091921,0.079247,-0.071342,0.071233,0.20455,1.5922,-0.82711,-0.51474,0.28239,-0.22216,0.53117,1.6956,0.038461,0.80415,0.31342,1.4511,1.1996,1.3167,1.0995,0.37011,2.0253,1.3071,-0.85309,0.30306,0.70044,1.5713,-0.1244,2.0565,0.34718,0.84966,0.30504,1.8131,0.30824,-0.46783,0.80898,0.10283,1.0946,-0.67635,-0.53128,1.5273,-0.054,1.3367,-0.094974,2.2837,1.5237,0.82953,1.2125,0.53321,0.20889,0.34796,1.3335,1
-0.58177,-1.1489,0.56332,0.66007,-1.7441,-0.55084,-1.7112,-0.082437,2.1949,0.045601,-0.34517,-0.87407,-0.73977,-0.93444,-0.75317,0.64743,-1.2429,1.2129,1.0316,0.082617,0.15546,-1.5237,-0.89249,1.0258,-0.62068,-0.9949,1.0912,-0.090276,-0.60215,0.050573,0.07968,-0.35998,0.46734,1.4092,0.84044,-0.72029,-0.20974,-2.4009,-0.16725,-0.19027,0.88167,-1.747,0.43322,-0.48748,-1.2948,1.2606,0.21458,-0.11201,0.6234,-0.91226,0.48141,-1.0723,-0.80753,-1.233,-0.44724,0.8249,-0.55129,0.22714,-1.0805,0.23287,-0.29975,0.22199,-0.64804,-1.1375,-0.75048,-0.28574,0.17049,1.1904,0.091881,0.1761,0.21578,0.33011,-0.95622,-0.12395,1.3559,-0.63659,1.6478,-0.54217,0.4034,-1.0521,-0.76318,-0.10466,-0.54415,1.1447,-0.30722,0.28005,-0.52309,-0.0076475,-1.7877,-0.72058,0.43561,0.53271,0.44252,-0.26556,0.34316,0.78393,-0.1638,-0.0033325,0.72408,0.24195,-0.12312,0.72448,1.1745,-0.79089,0.2592,-0.1428,-0.95962,0.26643,-0.38853,-1.479,1
-0.29541,0.11381,-1.5521,0.67771,0.49158,0.37683,0.77393,0.44644,1.1103,-1.0872,-0.16468,-0.71581,0.91851,0.83755,0.19619,1.4274,0.61679,0.59509,0.18489,-2.2204,0.28957,-0.70704,-0.026543,-0.50427,-0.04922,-2.0021,-1.3209,0.4649,0.85342,1.753,0.68507,1.0589,0.6713,-0.59764,1.4106,1.6074,1.8472,-1.1515,0.32049,0.24814,1.3612,0.69191,2.6415,-0.98041,-0.0515,1.1855,0.77041,-0.35449,0.72014,0.12212,-0.26923,0.22278,1.2439,1.2965,0.23817,0.91698,0.48213,0.80649,-0.59889,0.85691,0.1336,-0.70131,-0.26518,0.41952,-0.4049,-0.95923,-0.10613,0.79477,-0.48023,0.077599,-0.10379,-0.018943,0.40735,-0.38834,-0.6659,-1.7172,-0.61583,0.4637,0.95161,0.14631,0.2502,-0.060576,-0.69838,0.9691,-1.8768,1.7396,-0.62541,0.055684,-1.199,-0.086003,-1.5022,-1.0691,1.2026,1.7786,1.4932,0.72669,0.30005,-0.65203,1.014,-0.48611,0.30529,0.53627,0.30672,0.36958,0.84349,-0.91835,-1.2321,0.66199,-0.092671,-0.028837,1
-0.81137,-0.73107,-0.10419,0.1194,-0.13301,-1.4787,-1.003,-1.7388,-0.55899,0.77348,-0.5878,1.2486,1.5382,-0.58084,-0.95032,0.41799,0.50604,-0.28051,1.1245,1.4193,0.63821,0.20867,0.20722,-0.27488,-0.11083,0.46705,0.68545,-0.48824,-0.96692,-0.79458,0.050187,-0.53603,0.88665,-0.35967,0.55229,-0.95434,-0.94692,0.37558,-0.23497,-0.53126,-0.3858,-0.42193,-0.051056,1.3006,-0.097026,-0.86642,-0.069095,-0.97836,1.0203,-0.27898,-1.1246,0.088578,0.069273,-0.34098,-0.14255,-1.4717,-0.76054,-0.9977,-0.88537,0.33443,0.90281,-0.67235,-0.01356,-0.18982,-0.27339,-0.20996,-0.24817,0.86441,-0.7666,-0.42142,0.90022,1.429,-0.56085,-0.41397,0.74671,-0.66215,-0.76162,-0.019178,0.64787,-0.59708,0.54827,1.0664,-0.73542,-0.24014,0.31134,-0.26435,-0.89127,1.966,1.2038,-0.52774,-0.69392,0.48992,-0.69702,-0.99127,-1.7346,0.30539,-0.85362,-0.60424,-0.96734,-1.0474,-0.86891,-0.52876,-0.63766,-0.055816,-1.0864,-1.0595,-0.41207,-0.74716,0.76311,-0.093066,1
0.74437,-0.4989,-0.035579,0.1139,1.4103,0.467,0.22367,0.065662,0.30171,-0.53802,0.59628,0.14869,-0.275,0.38221,1.0126,-0.12094,0.36894,-2.439,0.027804,-1.0236,-0.019996,-0.35191,-1.1894,-0.21787,0.90471,-0.71421,-0.5883,-0.6888,0.7271,0.32307,0.37364,-0.0056369,-0.12342,-1.0491,0.43337,0.1269,1.1136,-1.8564,-0.052587,0.73827,-0.21543,-0.84917,-0.19998,-0.93327,-0.64736,0.75218,0.98537,0.11862,0.063823,-0.73079,-0.024951,-0.22208,-0.049001,-1.3023,0.94174,0.13569,-0.191,1.2748,-0.37753,0.47807,0.45539,0.39861,0.50387,0.98669,1.6191,-1.1516,0.73288,-0.11654,-0.65578,0.31226,1.3514,-0.33128,0.81901,-1.3662,0.051962,-1.5935,0.92406,1.0402,0.68027,-0.15648,-1.243,-0.16581,-0.99165,0.56273,0.40039,1.291,-1.026,0.10318,0.72771,1.2146,0.74341,-1.0697,-0.55851,-0.80485,-1.4067,-0.97977,0.91294,-0.47795,0.27765,-0.058798,-0.084489,0.41981,1.1194,1.0451,-0.02664,-0.76872,0.27764,-0.53263,0.96304,0.1224,1
-0.58278,0.74837,-0.72464,0.70395,1.7408,-0.14934,-1.5849,0.48355,0.083935,0.14958,0.64122,0.7356,-3.9775,-0.83104,1.5412,0.84478,2.8537,-1.8188,-0.23973,-1.5791,-3.9129,-4.3109,-0.45632,1.0301,-2.3065,1.6204,0.5164,2.3412,3.9532,1.0952,-0.38382,0.079595,1.1813,0.70045,-2.3094,-0.93544,0.0028182,2.5471,-0.9292,0.9556,1.9935,0.82356,0.44895,-2.5047,0.90239,2.4589,0.23925,-0.17842,1.6426,-1.2271,0.24428,-0.32046,-0.66,-2.53,0.78376,-0.2817,-2.1439,1.811,1.0078,1.083,-1.8067,1.1572,0.60209,1.6129,-1.3057,-0.64433,3.4386,-0.19775,0.047266,1.0004,0.95397,-0.091624,2.3807,0.70834,1.2609,1.0125,-0.20101,1.3045,-1.8942,-2.6639,-0.23414,-2.1055,-0.21274,0.78519,1.96,0.89104,-2.0641,-1.3769,1.6588,1.1104,1.4196,-2.3064,0.087423,-2.0962,0.95755,-0.81367,-1.7796,0.34735,-3.4345,-1.7671,-1.6027,1.8116,0.38734,0.93767,1.6442,0.96758,-0.69444,-2.7997,0.70539,-1.094,2
0.49307,2.4342,1.3521,2.2369,0.025455,1.6376,0.32432,1.7857,3.0936,1.4496,2.0691,1.9014,-2.7469,1.6943,1.9961,1.2511,3.6538,-1.6439,1.0996,-0.01827,-1.8989,-2.1706,-0.45012,2.9969,-1.7723,2.9676,1.4244,2.2178,5.0689,1.8506,0.62044,0.47802,2.8403,1.938,0.50886,-0.8905,1.5772,2.8989,-2.6281,1.4739,3.4207,2.5258,0.69805,-1.0751,2.2543,4.6462,3.2731,1.4856,4.6175,-1.0909,3.2076,1.3898,1.0411,0.32791,1.7552,1.6836,-0.44006,3.0038,1.5996,2.9626,-0.0017877,1.4836,1.8876,4.0228,-0.34812,0.72255,2.4142,0.93394,1.7206,2.1583,4.0897,1.2775,2.9333,2.1558,2.5241,1.6063,0.15717,3.2721,-0.34321,-1.3666,1.4718,-1.2114,-0.18905,1.1816,4.5995,2.1192,0.9949,0.91752,2.8541,2.848,2.7255,-0.10771,2.3029,-1.4418,1.6316,0.17126,-1.2644,2.4664,-1.9735,-1.3873,1.0983,3.2447,3.3964,1.6094,2.9506,1.4625,-0.0016465,-1.2162,0.78286,0.73462,2
-2.1495,1.0889,-0.2651,0.63253,1.3081,0.021172,-1.4999,-0.75147,1.3005,-0.79974,0.66206,-0.41888,-3.9428,-1.4001,0.37903,1.2541,1.9523,-1.5147,0.95141,-0.88632,-1.2441,-2.5517,-0.088105,2.2167,-3.0861,3.1568,0.88803,1.0294,2.687,0.60596,-0.18018,-0.023871,1.6977,0.5438,-1.6952,-0.98587,-0.86166,2.9692,-0.9271,1.1634,1.7992,2.7188,0.24869,-2.0646,-0.031666,1.9613,0.88795,-0.61362,2.965,-0.95308,1.3447,-0.71469,-1.0918,-1.0953,0.11835,-0.30555,-1.5962,0.3175,0.78886,1.7792,-1.2645,0.34539,0.22947,-0.81098,-1.4234,0.91826,2.3355,-1.4069,1.7345,1.14,-0.33004,0.090736,2.2153,2.2308,0.24656,1.5559,0.4118,-0.8012,-2.0229,-1.0023,0.35035,-0.55863,-0.75577,-1.2993,2.8847,1.4094,-1.3096,-1.3632,2.2794,0.40367,0.90026,-1.1314,0.74362,-2.7156,0.75346,0.50212,-2.8449,0.26462,-3.112,-0.51927,-2.3321,0.88412,1.5696,-0.81249,0.31151,1.3756,-1.3014,-2.1537,0.63547,-0.34502,2
0.21843,1.5781,1.0877,1.5966,1.5836,0.91515,-0.62049,1.5879,1.4584,1.8163,1.0938,1.3411,-2.3387,1.0969,1.7894,1.7183,4.222,-1.7905,0.97522,0.058901,-1.1528,-1.5436,0.39252,2.2751,-2.829,3.9024,1.6149,2.1179,4.8904,1.4654,0.87489,-0.54525,2.5481,3.4406,0.32183,0.32663,0.73055,4.4261,-0.83932,2.1345,3.4211,0.66226,0.54992,0.28238,1.0807,5.0313,2.1386,1.1107,4.9119,-0.48427,2.4689,2.1979,0.65518,-0.51887,2.1649,-0.094155,-0.22605,1.2871,2.0305,3.1724,0.27175,0.9785,0.35328,1.7316,-1.1539,0.026091,2.231,-0.026097,1.3822,3.3129,1.6689,2.8811,3.0025,2.6183,2.3632,0.61692,1.4565,1.6349,-0.81776,-2.0199,1.4428,-0.75494,0.541,0.34862,4.5878,2.3224,-0.95279,0.31889,3.8623,1.8502,4.4112,-1.6049,0.16944,-0.80778,1.0697,1.5391,-1.1095,1.8755,-1.4366,-0.98596,-0.94881,3.079,3.4301,1.2993,1.7649,1.34,1.7015,-1.4304,2.4907,1.3831,2
-0.078291,2.1273,1.1594,0.54024,0.90692,-0.69316,-1.869,0.20275,2.0625,0.12373,1.5285,-0.79104,-1.8905,0.49516,1.9563,2.0197,4.4195,0.55821,1.0391,0.024463,-1.6171,-3.797,-1.2941,1.6268,-2.958,2.9092,-0.50942,1.8044,3.618,-0.73917,-1.7841,-0.044497,1.5699,2.7924,-0.63498,-2.5406,-0.19436,2.8312,-1.1756,0.37482,2.3874,1.1111,-1.1887,-0.46645,1.85,4.156,0.37419,1.7872,2.5866,-1.2465,0.98037,-0.017986,1.0033,-0.34462,1.3318,-0.6587,-2.9235,0.088587,0.58592,0.78618,-2.0795,0.15057,-0.89082,0.81391,-0.85236,-0.52881,0.81862,-1.4487,0.38785,0.91503,1.5194,0.93977,1.0629,0.75097,0.4509,2.3595,0.43527,0.93954,-1.6814,-1.4311,1.7644,-1.0675,-0.18573,-0.84848,2.4959,1.7452,-0.53622,-0.59391,2.2294,0.8741,1.5723,-2.8292,-0.69781,-3.8671,2.4102,-1.5782,-2.9802,1.2362,-3.0142,-1.6329,-1.4699,0.52535,2.2671,0.06689,3.5965,1.4175,1.5493,-1.1143,0.34581,-0.42711,2
-1.7069,2.0565,0.66658,1.6673,1.7685,2.5467,0.27755,2.296,2.6823,-0.4805,1.7973,0.24921,-2.1631,-0.12261,2.3885,1.1283,4.511,-1.3462,0.43336,-1.0119,-0.55608,-0.53517,-0.14373,2.8021,-0.48813,3.4624,2.3212,2.4228,5.0657,1.9341,0.056022,0.67153,0.37247,2.0208,-0.474,1.1362,2.507,4.6053,-1.117,2.0888,1.6525,2.6977,1.2399,-1.9483,0.19692,4.5053,3.3656,1.1078,3.8901,-1.5332,4.8334,0.94953,2.1763,0.18336,3.1983,-0.76135,0.27281,2.5203,0.5912,3.3495,-1.2856,1.6714,2.0075,1.3324,-2.5143,-0.079901,1.3788,-1.6924,1.6308,2.2585,2.0506,2.3026,3.7009,2.3658,1.6365,2.4941,-0.43009,1.908,-1.3168,-1.0843,1.1121,-0.24396,2.4604,1.1034,4.5287,2.9823,-0.72375,0.19318,3.7438,1.5432,2.9435,-0.64331,1.3478,1.3715,0.87227,0.054068,-2.3071,3.1148,-1.4585,-0.66608,0.75415,2.6187,3.8924,1.6726,0.92444,3.2394,-0.18416,0.55932,1.3323,2.4804,2
-1.2398,1.2254,0.20762,0.4527,0.61316,1.8905,-0.86864,2.2691,3.1828,-0.73931,2.3559,-0.32171,-2.905,0.312,1.7816,1.9273,2.888,0.095787,-1.1199,0.28113,-0.20426,-1.5561,-0.31496,3.2461,-0.82915,4.0569,2.4152,2.1164,5.365,2.1828,0.30228,2.7595,3.1056,2.0442,-0.10382,0.35504,2.2045,3.6636,-0.01227,1.1186,2.6386,1.8117,-0.71452,-0.83517,0.61332,5.5137,0.20425,-0.10367,2.3755,-1.2548,1.9194,1.9435,-0.39157,0.29156,2.269,2.1466,0.095441,2.6896,2.0226,1.394,0.42041,0.86206,0.54886,1.9599,-1.6783,-1.2762,-0.57738,-0.19218,-0.38208,2.598,1.618,1.6181,2.4186,2.0989,1.9711,2.1743,1.3295,2.3865,-1.0488,-1.3015,1.0347,-0.61538,2.2645,1.6044,2.8921,2.8775,-1.2406,0.11388,2.2311,2.5224,2.5622,-1.2022,1.1598,-2.7069,0.15305,1.6839,-0.59026,2.3112,-3.1148,-1.1154,-0.050876,2.3101,1.7834,1.3448,2.2956,1.8413,0.6771,-1.6699,-0.78985,-0.39603,2
-0.43819,2.9213,0.7701,3.0222,1.7819,0.029095,0.076598,1.6225,2.1491,1.026,1.3158,1.8167,-2.7024,0.66326,2.4761,3.0342,4.6558,-1.1694,0.97344,-1.2874,-1.5753,-2.4456,0.17215,2.8374,-1.2818,2.6347,0.90566,1.9387,4.3207,2.2127,0.34572,0.13848,1.3162,3.5666,-0.5013,-0.74448,1.272,2.144,0.34857,1.3482,2.22,2.5902,1.7564,-1.1611,1.523,3.0006,2.1497,1.5353,3.3887,-1.2022,2.0252,1.8163,1.2954,-0.46005,2.7208,-0.45644,-0.4576,2.5717,2.2474,3.7732,-1.0466,2.3355,1.209,2.227,-0.36225,1.3028,4.3392,-0.49627,0.47524,2.8624,3.5112,1.7983,3.4726,0.90795,2.2063,1.0088,0.0611,1.5786,-0.093142,-0.99642,2.1428,-0.26277,-0.25872,-0.24522,4.7261,1.6573,-1.5944,1.1609,3.8938,1.4454,2.2971,-1.1911,1.1797,-0.1823,1.5292,-0.40832,-2.3972,2.3533,-2.2004,-1.0406,-0.51375,3.282,3.1523,2.3852,2.0807,1.5131,0.53995,-0.55816,3.1372,1.3241,2
-2.6063,1.3302,0.071349,2.4302,0.07267,0.86576,-2.6312,1.55,1.9179,0.61597,1.1634,-0.35119,-4.0244,-0.85038,0.2144,1.5951,2.624,-0.85945,0.70202,-0.73104,-0.95876,-4.0386,-1.3369,0.47038,-2.1332,2.6494,0.61216,1.8875,3.0194,2.5119,-1.2108,-0.71918,1.9786,2.0862,-2.1686,-2.0753,-0.52858,2.656,-0.83793,-0.1483,2.5633,1.4402,-0.86968,-1.9853,0.0056843,1.6521,1.0237,0.6093,3.1677,-0.32534,1.2665,-0.15134,0.052779,-1.5062,0.93085,-0.30492,-0.32195,0.60086,0.74009,1.4955,-0.68763,0.79915,1.315,0.63732,-0.71242,0.2188,1.3177,-1.3854,0.8028,0.17983,1.5663,-0.89091,2.5522,2.6813,1.7051,2.1036,0.50075,0.72172,-2.0025,-1.3644,0.30112,-1.1232,0.19733,-0.07013,1.8277,0.045921,-0.82123,0.087365,1.1957,2.2182,2.0126,-1.6197,-0.20672,-2.6616,0.97648,-1.8466,-2.7518,2.8066,-3.4528,-0.83209,-0.99497,1.4362,2.5849,1.0911,1.6951,-0.076141,-0.28279,-0.92512,0.70097,1.4067,2
-1.1436,-0.16705,-0.69336,-0.12887,-0.64785,-0.42961,-1.6143,-2.0414,1.118,0.093652,0.12986,-0.74128,-4.8932,-2.6168,-2.2271,0.7262,2.4746,-2.1524,-0.29295,-3.4892,-2.3959,-5.4985,-1.8482,0.0057328,-2.6252,1.2362,-1.1337,-0.46383,2.6029,-0.0027355,-1.3769,-3.2688,0.64966,1.7284,-3.0228,-3.4492,-0.90045,-0.23141,-2.95,0.062179,2.6767,0.82834,-1.1699,-2.7954,-0.16871,0.75003,0.24548,0.053208,2.464,-2.4164,0.87428,-2.0168,-1.9348,-2.5875,-0.78745,-0.5691,-2.0118,-1.9071,-2.4524,0.2161,-2.9372,-0.20588,-0.49913,1.6221,-3.4058,-0.48435,0.64187,-1.1787,0.19755,-0.95739,0.33015,-0.44525,1.8063,-0.99853,0.27603,0.57805,-0.9526,0.98019,-3.0659,-1.9057,-0.062375,-2.2266,-1.6442,-2.2376,2.8503,1.3714,-2.1496,-2.2429,0.32484,-0.31294,-1.6428,-3.6497,-0.67583,-2.4998,0.018473,-3.3402,-2.1476,1.4412,-3.3617,-2.0242,-2.6677,0.1617,1.0397,-0.94823,-0.69079,-0.58961,-0.99071,-1.0351,-1.187,-0.72991,2
0.33868,2.0434,-0.41596,0.87458,1.3759,1.4167,-0.98304,-4.4991,0.066213,0.89587,0.44591,-0.40765,-2.407,0.19934,-0.20413,0.78131,1.2957,0.95811,-0.14813,0.61942,-1.2201,-1.0082,-0.96288,0.43537,-0.31314,2.6654,-0.76164,0.070505,1.0473,3.1818,-1.3694,0.88995,2.077,0.061541,-0.35649,-0.62878,-0.67503,1.9691,-2.5309,4.6551,2.6556,-0.4036,1.3549,-1.2137,0.70887,1.5177,2.2552,2.3378,3.8902,1.2994,1.3266,0.63345,1.0534,-1.3258,1.0413,0.60979,-0.066373,1.4502,2.0586,0.75357,0.44197,-2.0799,1.3931,0.80489,3.4463,2.004,4.2745,-1.0134,0.79323,2.4828,0.18791,-0.85923,3.3833,1.5547,-1.0931,1.1654,-0.59806,2.9351,-0.8599,2.0717,-1.328,0.66082,-1.5464,-0.16871,3.1324,0.42719,-1.5155,0.15914,1.0148,2.2626,1.6088,0.45999,-0.26409,-1.9059,2.6519,1.84,0.43074,3.476,-1.2196,1.0997,-2.4061,1.2376,-0.21163,0.09331,-0.66957,-2.1572,3.299,-1.2767,0.96315,3.1274,3
-1.9549,1.0332,-1.5739,-0.88165,0.058058,0.92775,-2.3367,-2.7507,0.83572,-1.0905,2.8947,-3.28,-1.5058,0.34501,-1.1058,0.040402,-0.59889,1.075,-1.9329,-0.46964,-2.6615,-0.1917,-1.305,0.21027,-3.655,2.1519,0.89418,-2.3443,1.6819,4.1307,-2.014,1.9829,1.3584,-1.3944,1.1144,1.0478,-0.5202,0.89282,-0.66728,2.7332,1.5799,-1.3035,-0.34094,-2.3245,-1.6147,3.9794,1.0156,0.048748,3.3809,1.5858,1.6467,1.4136,1.0529,-2.8924,-1.7082,1.2283,0.72396,2.3182,1.7277,1.7188,0.88762,-1.1534,0.38126,-2.3597,2.6594,0.19431,1.1886,-0.2482,1.8588,1.1011,0.81333,0.6275,2.5587,1.121,-0.69002,0.67844,1.1224,3.0585,-0.073232,1.5705,-0.57128,-0.92345,-0.015427,1.1371,3.3969,1.0604,-1.1033,0.18985,0.50776,0.51642,3.1161,-0.15779,0.11674,0.36772,1.4208,2.6703,0.25718,1.6741,-0.57995,-0.73426,-2.5117,1.9595,0.86364,-0.25867,0.67145,-1.5512,1.3169,-3.1793,1.6719,2.2486,3
-0.79135,0.36329,-1.7149,-0.035865,-0.71261,0.87079,-3.1389,-3.8895,-0.39612,1.4692,0.1212,-2.3927,-2.5862,-0.073236,0.13149,0.20947,2.1407,0.14291,-2.308,-0.28985,-3.0621,-1.3127,-1.1744,-1.0404,-3.9503,-0.21395,-2.637,-0.66946,2.093,2.1535,-3.537,1.7268,-0.50226,-2.0789,0.24584,-0.64488,-1.1134,1.6453,-2.8433,1.5789,1.0628,-0.75954,0.18825,-2.0259,-0.5464,3.7078,0.63722,0.82968,3.6269,0.27761,1.587,0.30648,1.1362,-2.1717,-0.87629,1.1118,-1.3005,1.9616,-0.22585,0.7218,-0.52057,-1.9207,-0.92407,-0.97991,2.806,-0.966,0.29264,-0.66199,-1.2399,0.025354,0.19855,-0.13951,3.6259,0.63384,0.17447,-0.65526,-0.75877,2.3867,-1.6457,1.7749,-1.309,-1.8197,-1.0731,0.046923,1.8415,0.40572,0.1576,0.49464,0.096072,0.076731,2.2069,-0.82971,-0.18284,-1.2195,2.0765,2.6796,-1.6232,0.95623,0.2795,-0.48836,-3.4191,0.3948,-0.78196,-1.0314,0.99345,-2.6036,1.3332,-2.4683,-1.0706,0.27557,3
-0.037958,2.0339,-0.63235,0.12222,0.98575,1.2843,-3.0052,-5.1655,0.11585,-0.88167,0.85443,-1.8446,-0.9476,-0.83406,1.0883,1.0702,0.2888,1.0372,-0.92783,0.51462,-0.063333,-0.48096,-0.71056,-0.90245,-2.2744,2.2967,-0.80204,-1.2972,1.5338,2.5548,-1.7287,0.25723,2.219,-1.2544,1.0428,-0.87358,-2.2993,1.6461,-2.0806,2.5183,3.0136,0.25818,0.37892,-1.0949,-0.58475,2.3566,-0.65397,-1.0566,2.879,0.45907,2.1615,-0.65456,0.87742,-1.5162,0.48267,1.527,-0.53021,1.2179,1.829,2.8399,1.4754,-2.428,-0.50561,-1.1992,4.1559,0.88601,2.5789,-0.44168,1.3262,1.7089,1.1778,1.0668,4.3038,2.0886,-0.77441,0.5594,0.20434,2.0763,-0.72033,0.75147,0.20244,-0.052745,-2.1911,0.49609,1.7329,1.4317,-0.28407,-0.11285,0.86303,1.0897,3.3082,-0.64214,-0.7401,-1.4297,1.5488,2.3912,-0.6052,2.5372,0.36692,-0.43324,-1.3741,1.6713,-0.78977,-0.38873,0.91039,-1.8574,1.8099,-1.9437,0.93421,1.4389,3
-0.57633,1.2677,-2.4306,-1.0934,0.26464,0.7724,-3.1262,-4.1017,-0.098236,-1.4614,-0.54766,-2.7618,-2.1766,-0.45665,0.75775,1.0753,0.16237,1.5517,-2.3907,-1.0164,-2.5602,-1.6077,-1.582,-0.67408,-3.4207,1.2018,-0.021031,-1.9972,0.74389,2.075,-1.8307,0.49438,0.11322,-1.3158,-0.053902,-0.30665,-1.497,0.41152,-2.2462,3.3248,1.9177,-1.055,0.60801,-3.1174,-1.8093,3.4538,0.63056,0.57481,1.3671,-0.012189,0.701,-1.2926,-0.68529,-2.4752,-0.99025,1.8994,-1.6324,2.5307,-0.61674,1.6197,-0.77261,-3.2734,-1.1004,0.14156,2.8766,-1.0172,2.4265,-0.68304,-1.4284,0.36273,-0.85402,-0.22117,2.1806,0.50402,-0.31431,-0.69414,-0.91783,0.77042,0.017563,0.91242,-2.7499,-2.288,-3.046,0.24312,0.83791,0.78921,-2.0758,-0.75774,-1.5325,0.40901,1.4809,-3.5372,-1.0709,-2.8683,0.82642,1.5682,-0.87417,0.71313,-1.2208,0.0062508,-3.5504,1.798,-1.1047,-0.54499,-1.2344,-2.7239,2.1862,-2.3833,0.56963,0.29723,3
-0.24421,-0.27499,-3.0735,-1.1372,0.38761,0.44688,-2.7809,-4.805,-0.81761,0.26012,-0.87315,-3.6763,-2.0183,-0.22601,-1.176,-0.98744,0.43715,1.1222,-2.3467,-1.6689,-3.1833,-0.96402,-1.434,-1.2286,-4.142,2.3454,-2.9056,-1.7679,1.1845,1.435,-2.087,0.14976,-0.14351,-2.0053,0.34417,-0.41024,-1.9431,1.516,-2.9717,2.5629,1.5931,-0.67766,-0.82633,-2.0433,-0.15822,2.937,0.080583,1.0874,1.9402,-0.11024,1.1478,-1.0156,0.3195,-2.8245,-3.1718,1.0991,-1.8111,0.23391,-0.1527,1.3196,-1.6598,-1.9199,-0.85971,-1.4294,2.4252,0.18729,2.2256,-1.733,0.22422,0.41192,-0.87531,-0.24475,2.1954,-0.44102,-0.5867,-0.36536,0.098191,2.2934,-1.5902,1.5805,-1.7553,-2.2949,-3.0094,-0.3556,2.2882,-0.081728,-1.2729,-1.8344,-0.55253,0.87852,0.39746,-1.0358,-1.3253,-1.5152,1.3744,1.6684,-2.4345,1.4897,-1.3706,-0.77458,-4.3597,-0.74871,-0.67602,-1.6105,-0.7565,-2.3605,1.7824,-3.3116,-1.5735,0.81817,3
-0.66388,1.9489,-0.81546,-1.5842,0.75665,0.059615,-1.872,-4.7081,0.078497,0.28461,0.58661,-2.881,0.044815,0.12632,1.0172,1.3741,0.19552,2.0893,-1.2245,0.94417,-1.5113,-1.3264,-1.4687,-0.75074,-2.0333,3.2076,0.11334,-1.1427,1.7822,1.7714,-0.19533,0.086999,0.36298,-1.4201,0.052755,-0.53755,-1.0477,2.3117,-1.1832,2.3125,2.5402,-0.18166,0.16096,-1.7117,-2.1463,2.0155,0.293,0.62729,1.3991,0.94301,0.4077,-0.31774,1.2538,-0.33565,0.46249,1.3247,-1.435,2.1805,0.6509,1.3999,0.2577,-2.1653,-1.5236,-0.65095,2.7961,-0.90447,3.0859,-0.37414,0.0048475,1.4003,0.96591,0.82872,3.9401,0.86788,-0.92165,-0.74549,0.83771,1.8165,0.64879,1.4674,-1.81,-1.4082,-0.51564,0.10713,2.4114,-1.0116,-0.28722,-0.35511,-1.4108,-1.5025,3.794,-2.6507,-1.7444,-1.7898,1.3369,0.51909,-1.0883,0.79348,-0.81653,-0.33303,-2.7722,0.51436,-0.025729,-0.11811,0.55673,-3.7677,1.5986,-2.0935,2.1426,0.39452,3
-0.299,2.4668,-1.0318,-0.30556,-0.4443,1.9294,-1.621,-2.6994,2.2494,1.6767,1.8493,-4.2608,-0.69264,0.16139,1.8338,1.077,-2.3793,1.8335,-0.67794,0.11611,-2.0433,-2.1338,-1.3515,0.35359,-2.7046,4.1856,0.73436,-0.73094,1.9968,1.1106,-0.60515,0.58141,0.56799,-1.8135,1.7049,0.79007,-0.47416,2.2452,-2.3055,4.7684,2.8804,-0.51387,0.16793,-2.1054,-1.7802,2.5023,0.51906,-0.22396,3.3255,2.2469,1.938,-2.0357,0.84727,-1.5085,1.4778,2.318,-1.2645,3.3144,0.6608,2.7265,0.42535,-1.5893,0.48544,-0.62629,3.3882,-0.46871,3.6268,0.66385,-0.98758,1.3326,0.95243,-0.57019,3.5396,1.6094,-0.33604,0.045616,0.03896,1.9941,2.865,1.5441,-1.7787,-2.7406,-1.1708,1.1836,2.6415,1.0034,-0.90299,0.90897,-1.6841,1.7557,4.6251,-1.4566,-1.4945,-2.2529,2.097,2.3549,-2.0782,2.652,-0.25959,0.40813,-3.1078,2.1653,0.67424,-0.80072,-0.48031,-3.3461,2.0028,-1.8866,0.30018,0.80487,3
-1.6098,-0.2115,-0.73374,-0.085207,-0.42144,1.2549,-0.93707,-5.0797,-0.17955,1.0447,-0.72732,-1.3845,-1.8881,0.4655,-0.26433,1.6529,2.7508,1.0831,-0.19435,-0.2776,-0.71391,0.28997,0.27965,0.75743,-2.3067,1.6225,-1.3231,-1.1815,1.6686,1.6177,-1.125,-0.008139,0.1137,-0.85901,0.34864,-0.40864,-1.7873,1.3007,-1.5714,4.0605,0.43649,-0.84737,1.0402,-2.0555,-0.15626,2.9968,1.0044,1.1641,3.8981,-0.70418,2.2498,0.67997,1.1691,-1.5536,0.91952,1.0285,-1.0658,3.3214,0.87403,1.0145,0.19057,-1.3382,-0.51343,0.22737,1.01,1.504,2.6918,-1.189,-0.29093,3.3574,0.70363,1.5795,2.9307,2.1094,0.39798,0.14391,-1.5246,2.1843,-1.4682,1.367,-2.1671,0.59208,-0.54359,-0.69002,2.819,1.1686,-2.1341,0.20371,1.2469,-0.091858,2.3892,0.12512,-0.47555,-1.0197,0.70157,1.7584,-0.74934,3.6469,-0.59297,-0.2939,-3.3188,1.0259,0.67964,-2.3903,-0.92931,-1.5354,1.8579,-1.9716,0.090331,0.63053,3
0.026992,2.8031,-1.2386,-0.41317,-0.041069,0.79592,-3.0963,-4.6436,-1.1865,-1.8029,0.77639,-2.4597,-1.6237,-0.33344,0.36847,0.5634,-0.92616,1.491,-2.6855,0.24455,-1.5793,-0.77799,-1.5768,-0.40805,-3.5812,1.8633,-0.1019,-1.5484,1.0546,2.1196,-2.3076,0.46337,1.2046,-2.9623,0.059017,-1.0494,-1.8388,1.8841,-1.6238,1.7197,1.151,0.74784,0.37564,-2.9936,-1.3,2.7053,0.31723,0.38962,2.0741,1.2469,0.56913,0.95195,0.50579,-0.82108,-0.57379,1.4954,-2.62,1.8462,0.97265,2.5603,1.0585,-2.1,0.77567,-1.3262,4.1389,-0.47886,1.2279,-1.764,0.90222,0.57899,0.86158,-0.3906,2.6499,1.2135,-1.8862,-0.057684,-1.2946,0.94411,-0.3419,0.58765,-0.66323,-0.68662,-1.9883,-0.88383,1.8794,-0.039156,-1.2567,-0.062585,-1.694,0.49594,1.0269,-0.99604,-1.0337,-1.2655,2.8388,1.7223,-1.7338,1.911,-2.2049,-0.58325,-2.9981,1.1633,-0.91975,-0.63229,0.51275,-2.369,1.387,-3.5702,1.7362,1.164,3
