-0.027741,-0.18921,-0.10512,-0.23456,0.0081196,-0.26669,0.30379,-0.10773,0.037548,-0.058283,0.13938,-0.24137,-0.0023886,-0.2056,-0.01061,0.41334,-0.13137,0.23471,0.029403,0.10027,0.15684,-0.044723,-0.087775,-0.18733,-0.023738,-0.17899,-0.14202,0.19082,-0.093136,-0.14559,-0.002897,0.26624,0.037241,0.18749,0.16972,0.28937,0.040086,-0.0046446,0.02121,0.0013662,0.037524,-0.01016,0.078859,0.088065,-0.0097024,-0.084565,-0.052954,0.022393,0.27797,0.15151,-0.007962,0.16258,-0.30827,-0.036049,-0.16522,-0.049312,-0.060448,-0.029134,0.16889,-0.16933,0.1755,0.21548,0.19722,-0.055974,-0.28827,0.097537,-0.017626,0.26363,-0.11209,0.10951,-0.029529,0.01789,0.20844,0.061967,-0.014949,-0.16638,-0.22211,0.22511,0.13946,0.22272,0.079086,-0.029957,0.037243,-0.048403,-0.2108,0.030994,-0.069124,0.12479,-0.075174,-0.092649,-0.07342,-0.1381,0.034172,0.023051,-0.041359,0.28581,0.16357,-0.099041,-0.15,-0.17633,1
-0.10965,-0.017336,-0.080559,0.096232,-0.049155,0.21467,-0.13582,0.058813,0.010525,-0.068467,0.23405,0.051882,0.32097,0.10273,-0.21234,-0.084081,0.016686,-0.094729,0.22434,0.061314,0.073095,0.39381,0.072127,-0.079641,-0.071779,-0.23106,-0.013134,-0.037131,0.12759,0.031063,-0.44824,-0.29817,-0.016982,0.0025775,0.02252,0.10453,-0.25175,-0.28611,0.0599,-0.47713,-0.10139,0.046754,0.14755,0.14236,0.098094,0.002819,0.10079,-0.13037,0.17692,-0.050971,-0.088525,0.051819,0.19971,0.28818,-0.038823,-0.10179,-0.13842,0.083216,0.053088,0.077095,0.03364,0.10676,0.27293,0.16916,0.061649,-0.050068,0.096442,0.047846,-0.13963,0.028966,-0.13647,0.10612,0.042207,0.14549,-0.13579,-0.098755,-0.087494,0.090953,0.060222,-0.11778,0.033543,0.077619,0.038181,0.075547,-0.28602,-0.11558,-0.097719,0.073088,-0.20899,-0.0735,0.030044,-0.17837,-0.13649,-0.012504,-0.18654,-0.098323,0.093086,0.12782,0.026997,-0.25296,1
-0.2451,0.20069,-0.043227,-0.0072882,-0.27254,0.27551,0.12394,0.022026,0.21271,-0.12184,-0.032174,-0.10082,0.075794,0.061572,0.21217,-0.13788,0.076278,-0.094762,0.043914,0.15886,0.1586,-0.23584,0.026734,0.28836,0.016969,-0.0028678,0.16488,0.15164,0.070792,-0.28758,-0.043944,0.077592,-0.1647,0.24701,-0.031498,0.11422,0.11868,0.036331,-0.18561,-0.066355,0.22242,-0.047843,0.063907,-0.075891,-0.12754,-0.087662,0.0090438,-0.14282,-0.046045,0.19825,-0.1163,0.067425,0.37124,-0.15496,-0.0033871,0.21955,-0.10303,-0.026146,0.0059791,-0.10176,0.089892,-0.044765,0.12011,-0.17477,-0.12775,-0.14493,0.10581,-0.14934,0.05399,-0.33587,0.061465,0.10284,0.12823,-0.028069,0.015762,-0.057838,0.10573,0.028249,0.30831,-0.10872,-0.06659,-0.24295,0.0010867,0.026512,-0.27847,0.2751,0.12704,0.16484,0.069461,0.15525,-0.1869,-0.078177,-0.19394,0.099543,-0.03804,0.16685,-0.27047,0.20446,-0.077682,0.079315,1
0.010165,-0.071512,0.15459,0.05411,-0.2651,0.084768,0.07022,0.091215,0.23966,-0.014813,-0.12557,-0.061227,-0.18558,-0.084785,0.18112,0.12174,0.21802,0.14813,0.055505,0.076876,-0.0044999,0.10166,-0.063547,0.051757,-0.19163,0.03709,0.33078,0.092298,-0.16893,-0.026223,-0.043819,-0.13423,0.18125,-0.16486,-0.13752,-0.038087,-0.026383,0.17363,0.092445,-0.23884,-0.10446,0.019753,0.1954,-0.053401,0.14881,0.14379,0.046454,0.032108,-0.034811,0.050494,-0.098827,0.13737,0.18201,-0.040818,0.23365,0.086811,0.089097,0.008031,-0.11056,0.0069895,-0.021379,-0.13195,-0.20362,-0.12537,0.134,0.22566,-0.091147,-0.41857,0.11307,0.069088,-0.061669,-0.24387,0.023103,0.49345,-0.11869,0.046588,0.07379,0.14999,0.10686,-0.020786,0.13217,0.048694,-0.13328,-0.24182,-0.44384,0.016524,-0.14668,0.049457,0.3179,0.0022824,0.19544,0.16566,-0.022449,-0.0098965,-0.054688,0.038709,-0.024677,-0.18813,0.013712,0.040832,1
-0.26644,-0.0044322,-0.002959,-0.10906,-0.016652,-0.05364,0.08337,0.028298,0.11125,-0.055177,-0.13572,0.23853,-0.28441,0.063989,-0.1794,0.22714,-0.13174,0.071342,-0.17058,-0.017823,0.13255,-0.10291,-0.18066,0.052314,0.10739,0.028554,0.17561,-0.018218,-0.040039,-0.037993,-0.18868,0.16687,0.18269,0.31455,0.22619,0.045597,-0.077881,0.028501,-0.022026,-0.08823,-0.064414,-0.23072,0.19217,0.072847,-0.016883,0.13824,-0.21531,-0.09398,0.074981,-0.20206,-0.0090772,-0.14134,-0.16819,-0.085881,-0.21027,-0.1091,-0.010662,0.0054391,-0.0099611,0.052882,0.066783,-0.0032507,0.1056,-0.19389,0.040752,0.17474,-0.10844,-0.18126,0.086776,0.14617,-0.043419,0.25828,-0.27475,0.1539,0.06378,-0.12919,-0.022458,0.24296,0.10324,-0.075298,0.16515,0.15611,0.1709,0.14968,0.20112,-0.33701,-0.11716,-0.02308,0.18925,0.2974,0.097584,0.13106,-0.067433,-0.21692,0.4019,-0.17399,0.097496,0.0022743,-0.1896,-0.019253,1
-0.24284,0.098641,0.15045,-0.02602,0.15275,0.037168,-0.077982,-0.20941,0.04948,-0.076379,0.042869,0.2118,-0.22488,0.316,-0.17886,0.16312,-0.13005,-0.091132,-0.13401,-0.055495,0.024278,0.41676,-0.12545,-0.12374,0.21755,0.14705,0.19032,-0.008171,0.021833,0.14169,0.31667,-0.088894,0.086054,0.13967,0.18523,0.2136,-0.14303,-0.0094085,0.081004,-0.069765,0.089984,-0.071454,0.003854,-0.068287,0.065681,0.095327,-0.026338,-0.15472,-0.015252,-0.0214,0.12538,-0.060098,-0.101,-0.15539,0.30813,-0.071373,-0.3171,-0.10861,0.088336,-0.13964,0.10003,-0.2459,0.096849,-0.18587,0.040946,-0.017708,-0.003858,-0.11739,-0.016353,0.051066,-0.024897,-0.061952,0.11092,-0.17914,0.056491,0.032532,-0.405,0.14111,0.2616,-0.16419,-0.073319,-0.25366,-0.010728,0.31194,0.28589,-0.0066623,-0.03089,-0.083262,0.034655,-0.024251,0.087559,-0.031878,0.04612,-0.18102,-0.014684,0.0060322,-0.14881,-0.11389,-0.043369,0.20017,1
0.40217,-0.071707,0.21003,0.20325,-0.00083071,0.11659,0.083317,-0.0089877,0.084037,0.11149,0.034009,0.11923,-0.042356,0.045588,0.12132,-0.042463,-0.056158,-0.07511,-0.045866,0.13149,-0.14529,-0.042183,-0.01019,0.16116,-0.049383,0.10044,-0.27008,-0.12135,-0.12311,0.15998,0.27394,-0.18327,-0.052855,-0.06047,-0.18182,-0.026729,0.17881,-0.30094,-0.20238,0.18394,-0.21053,0.15811,-0.21526,0.20852,-0.095103,-0.07974,-0.14133,0.082792,-0.012802,-0.43363,-0.044156,-0.14099,0.19381,0.16749,-0.081233,-0.17297,0.027173,-0.050148,0.0090388,-0.017925,0.065122,0.19458,0.017833,0.27333,-0.23749,0.12553,0.033479,-0.12202,-0.075416,-0.065542,-0.20409,-0.37631,0.12443,-0.12564,0.071004,-0.10145,-0.0086861,-0.12066,-0.054661,-0.13158,-0.10519,0.08408,-0.11394,0.24289,0.040267,0.043686,0.046446,-0.09125,-0.16367,0.051708,0.036825,-0.18212,0.12287,0.34319,0.043652,-0.085475,-0.1318,0.14885,-0.061159,0.082472,1
0.32707,0.25817,-0.14428,-0.02566,-0.075395,-0.022443,0.019462,0.10346,0.16173,-0.17693,-0.08296,-0.056641,0.099018,0.0023504,0.021557,-0.01047,-0.12856,-0.077931,0.19312,-0.053959,-0.054526,0.074706,-0.081901,0.15455,-0.077963,0.29687,-0.13176,-0.081606,-0.083597,0.028302,0.21225,-0.086269,0.4351,0.06355,0.040507,0.18979,-0.05721,0.031174,0.040435,-0.099438,0.052663,0.13391,-0.012542,-0.24729,0.25304,0.17107,0.285,0.29998,-0.00010259,0.24943,0.063508,0.14214,-0.035079,0.33335,0.25871,-0.089539,-0.17395,0.087252,-0.096942,-0.18519,0.0919,-0.068601,-0.13916,0.031913,0.30171,-0.17396,0.18884,-0.050209,0.077491,0.0066052,0.0071437,-0.23786,-0.1259,0.13444,0.033442,-0.02122,-0.025852,-0.27148,-0.28819,0.15429,0.050903,0.17371,-0.15601,-0.0093266,-0.15633,0.19621,-0.14493,-0.093361,-0.032222,0.03517,-0.12141,-0.1578,-0.10547,0.0027732,-0.0013304,-0.050016,0.091277,0.060144,-0.14354,-0.14227,1
-0.34102,-0.14037,0.21595,0.16401,-0.019714,-0.15103,-0.23148,-0.12032,-0.020134,0.1828,-0.26257,0.16702,-0.12171,0.2673,0.041421,-0.21233,0.043333,0.1153,-0.094661,0.34189,0.10957,-0.14694,0.17969,0.044557,-0.18972,0.18952,0.14059,0.029174,-0.021637,0.029138,0.0030558,0.084505,-0.11997,0.15007,0.23756,0.060546,0.085293,-0.042865,-0.21412,0.12139,-0.10807,-0.10506,0.0078306,0.13885,0.17665,0.024366,-0.28123,-0.13546,-0.080716,-0.16557,-0.097836,-0.08463,-0.063384,-0.10464,-0.12295,0.19695,-0.17704,0.096209,-0.27353,0.051363,-0.09013,-0.069627,-0.21415,-0.17809,-0.067657,-0.26096,-0.032433,-0.30439,-0.12314,0.30061,-0.022721,-0.15417,0.11045,-0.11737,0.28555,-0.012779,0.17709,-0.030072,-0.053106,0.093988,-0.2797,0.10547,0.10179,0.13503,0.017394,-0.0013889,0.090765,0.10391,0.092615,-0.023017,-0.043582,-0.06564,0.11417,-0.2035,0.0052449,-0.13119,0.11035,0.15476,0.022197,-0.027526,1
-0.097126,-0.081731,-0.0018028,-0.16797,0.037646,0.048736,-0.18952,-0.12591,0.27642,-0.15894,0.24855,-0.19027,0.098338,-0.082815,0.0017692,-0.010158,-0.038219,0.094893,-0.02888,-0.062538,0.10145,0.02766,-0.070365,-0.157,-0.11495,-0.013962,0.010544,0.24117,0.16693,-0.26452,-0.13767,-0.10052,-0.16317,-0.092087,-0.0016884,-0.1253,-0.0027446,-0.19898,0.17041,-0.073159,-0.19298,0.12385,0.31836,0.032519,-0.12004,-0.24229,-0.031416,-0.014991,0.18327,-0.0040481,0.13666,-0.0093356,0.24674,0.10098,-0.013071,-0.00028803,-0.1723,-0.073718,0.0046609,-0.0495,0.20306,-0.069554,0.047786,0.18267,-0.22544,0.11169,0.13641,-0.42933,0.25168,0.044408,-0.17462,0.09812,-0.14701,0.1316,-0.048895,-0.12555,-0.16475,0.10174,0.17438,-0.040391,-0.1673,-0.062564,0.006574,-0.090613,0.2164,-0.06111,-0.11468,-0.0044393,0.21711,0.36476,0.069028,0.30278,0.044995,-0.18488,-0.24722,0.2602,0.052216,0.076028,0.13633,0.10683,1
-0.16339,-0.0050354,0.30749,0.019784,-0.089159,0.1919,-0.17345,0.096095,-0.24337,0.20924,-0.097898,0.056458,-0.11419,-0.042214,0.21158,-0.030324,0.038723,-0.012317,0.10679,0.16942,-0.1747,0.20913,-0.29714,0.21014,-0.049996,0.22014,0.0044989,0.12437,0.0088339,-0.1146,-0.019005,0.20622,0.20082,0.097782,0.18296,0.029916,0.027504,-0.19945,0.021967,-0.029277,-0.0011526,-0.017188,-0.054044,0.056794,0.028518,0.23781,0.1157,0.14197,0.27988,-0.1077,-0.11758,0.067977,0.13237,-0.17042,0.057737,-0.16428,0.029852,-0.10184,-0.061994,-0.098527,0.017368,0.1981,-0.069001,0.11873,-0.043493,0.17373,0.33991,-0.039006,0.1106,0.23938,-0.079478,0.064996,-0.02459,0.062357,0.21337,-0.05962,0.16783,0.12553,0.042606,0.27617,-0.18555,0.30079,-0.11663,-0.052251,-0.25836,-0.14573,0.33903,0.12798,0.014842,-0.056779,0.039641,-0.10465,-0.053968,-0.15025,-0.21443,0.32448,0.091955,0.059279,-0.18689,-0.0014824,1
0.067379,-0.040658,0.06138,0.1029,0.15741,0.35063,0.05465,0.19846,-0.065178,-0.23387,-0.071827,-0.11086,-0.072438,-0.16264,0.026395,0.039565,0.2223,0.082368,-0.059688,0.045532,0.071832,-0.2454,0.21671,-0.0010954,-0.26841,0.089215,0.10805,0.21027,-0.12001,0.084049,-0.16488,-0.17202,0.12783,0.057286,0.05352,-0.0065456,-0.087117,-0.12193,-0.20922,-0.047466,-0.063928,0.16916,0.43724,-0.1706,0.21778,-0.11368,0.26439,-0.3034,-0.10482,0.056437,0.25433,-0.0024588,0.13862,-0.25896,-0.095493,-0.16849,-0.12132,0.24287,-0.00071139,0.11079,0.33645,-0.088436,0.042463,-0.15852,0.12005,0.017649,-0.065649,0.036916,0.089529,0.053704,0.16182,0.074456,0.0056784,-0.12874,0.058042,-0.30239,-0.085256,-0.092193,0.048875,0.14224,0.19295,0.092706,-0.054491,0.0047059,-0.031374,-0.011945,0.020407,-0.09275,-0.045258,0.17539,0.068638,-0.0076876,0.26336,-0.11218,0.16061,0.099905,0.2636,-0.042182,0.1921,-0.050446,1
-0.052739,0.12685,-0.10623,0.056608,-0.0015129,-0.038345,-0.23442,0.076055,-0.041512,-0.19605,0.28861,0.25663,-0.073374,0.012224,0.12915,0.063315,0.18701,0.018513,-0.16757,0.075351,-0.33061,-0.064371,-0.13302,0.25866,0.12265,0.097478,-0.081433,0.044591,-0.010501,0.016785,-0.086104,0.082415,-0.1574,0.15608,0.041884,-0.037654,-0.13621,0.21116,-0.20459,0.37732,-0.11277,0.038837,0.18066,-0.065085,-0.071647,-0.047759,0.013617,0.28879,0.041433,0.069342,0.15895,-0.044889,0.089827,-0.13489,-0.071642,-0.15443,-0.12175,0.30321,0.13978,-0.14796,0.1388,-0.067153,-0.077786,0.12536,0.16719,-0.041978,-0.096492,-0.15303,-0.080629,-0.06068,0.16369,0.13463,0.012307,-0.01704,0.22401,0.17343,-0.015847,0.15209,0.27961,-0.11289,0.053959,-0.21809,-0.2531,0.39715,-0.36494,-0.038486,0.072188,0.00019723,-0.090584,0.23277,-0.014666,-0.036838,-0.066581,-0.15425,0.060485,0.040504,-0.13334,0.139,-0.15727,0.12434,1
0.10955,0.02899,-0.067232,-0.24429,-0.35802,-0.011195,-0.07003,0.1131,0.088248,-0.26487,0.15305,-0.014804,-0.068501,-0.12661,-0.087704,-0.082601,-0.023924,-0.050839,-0.10604,0.20142,-0.071992,-0.07369,0.05569,-0.0056764,-0.28432,0.15805,-0.19057,0.2085,0.064048,0.12935,-0.051314,0.0047058,-0.031161,-0.066006,0.12627,-0.033521,-0.15766,0.025764,-0.0068461,0.093773,0.088101,-0.17775,0.0094191,0.14942,-0.064148,0.0063825,0.42781,-0.083621,0.0089743,-0.020943,0.19353,0.19311,0.096126,-0.16256,0.11929,-0.23991,-0.21122,0.093852,-0.16109,0.01796,-0.13755,0.10301,-0.14539,0.10365,0.013072,-0.14587,0.30107,-0.14584,0.2848,0.2855,0.050515,0.078741,-0.079641,0.21565,0.098798,-0.067304,0.012992,-0.051583,0.035591,0.16426,0.29206,-0.18089,0.073915,-0.19361,-0.077506,-0.085487,-0.14719,0.15948,0.027371,-0.11659,0.14679,-0.10024,-0.082187,0.12745,0.17926,0.32607,-0.088656,-0.055805,-0.2259,0.28648,1
0.15323,-0.0038365,-0.088883,0.093041,0.22077,-0.10157,0.21462,0.030305,0.0070747,-0.27181,0.039433,0.14034,0.21347,0.0061568,0.15675,-0.045068,-0.12709,-0.084896,0.099464,0.038911,-0.087968,0.081214,-0.031828,-0.22042,-0.066983,-0.29355,-0.020175,0.064902,0.16667,0.27876,0.12331,0.11324,0.028592,0.22757,0.10226,-0.050125,0.12781,0.044609,0.092011,0.17505,-0.28808,-0.051868,0.13022,-0.16927,0.13349,0.25387,-0.1743,0.10145,-0.13696,-0.11305,0.094643,-0.11599,-0.019377,0.14252,0.22004,-0.16218,0.08436,0.028312,-0.19222,0.038739,-0.10085,0.035123,0.032531,0.14664,-0.16321,-0.17055,-0.19585,0.16243,0.079657,0.3289,-0.06106,0.29638,-0.19709,5.2613e-05,-0.095997,0.49764,-0.26991,-0.066772,-0.046707,0.087214,0.27366,-0.21462,-0.12474,-0.06977,0.063327,-0.025505,0.14201,0.0070925,-0.044198,-0.053992,0.023172,-0.0982,-0.056844,0.14025,-0.082184,0.18575,-0.17968,-0.073016,0.098214,-0.0036015,1
0.061598,-0.22457,-0.038038,0.023093,0.098037,-0.13838,0.18345,0.12719,0.057725,-0.07463,0.29459,0.1299,-0.09062,0.12241,-0.26173,0.062199,-0.090448,0.098321,-0.2759,-0.1107,-0.33589,-0.0505,0.018591,-0.25774,0.024926,-0.094149,0.090039,-0.14593,-0.0025311,0.09767,-0.047648,-0.10585,0.17437,0.31129,0.22912,-0.072811,0.12013,-0.18031,0.17386,-0.13375,0.0047949,-0.28982,-0.072868,0.04836,0.087225,0.087469,0.14805,-0.14339,0.1349,-0.1289,0.041636,-0.15108,-0.023861,-0.081499,-0.13996,-0.22304,-0.014715,0.10726,-0.15434,-0.024425,0.062144,0.015263,-0.10182,-0.13472,0.15352,0.065468,-0.048663,0.04816,0.25077,0.026292,-0.069429,-0.12326,-0.011658,0.071166,0.041394,0.011297,0.049309,-0.1077,0.25994,-0.16898,-0.16759,0.19653,0.27124,0.12719,-0.25127,0.012468,0.011215,-0.10334,0.029782,-0.0015379,0.012512,-0.21482,-0.22754,-0.3177,-0.21094,0.017583,-0.03859,-0.053682,0.38772,0.24346,1
0.06148,-0.16383,0.15613,0.013101,-0.12055,0.1197,0.19827,0.21226,0.049423,-0.062515,0.17621,0.31993,-0.29503,-0.0087067,0.021688,0.15459,-0.043883,0.20594,-0.080477,-0.049616,0.046355,0.038466,0.18791,-0.1354,0.05155,-0.10737,0.096614,-0.1074,-0.096205,0.31257,0.1063,0.22958,-0.1972,0.13459,-0.11785,-0.063109,-0.13482,-0.10849,0.28297,0.0045432,-0.045306,-0.10763,-0.025489,0.12417,0.0093294,0.0027906,-0.0094756,0.27529,-0.11094,-0.03714,-0.19635,0.22185,-0.20788,-0.14209,-0.024295,0.11312,0.071016,-0.24169,0.14813,-0.055053,-0.28893,0.2141,0.15991,0.20434,-0.10074,-0.20769,0.042663,-0.096339,-0.099494,-0.22997,-0.20257,-0.03084,-0.17137,0.11915,0.027116,-0.13616,0.30226,-0.043979,-0.23828,-0.041754,0.12394,-0.066352,-0.10463,-0.031624,-0.19219,0.0084705,-0.065302,0.078327,0.18645,-0.070344,0.0094792,0.19022,-0.1454,-0.054858,-0.0085817,-0.055594,-0.10094,0.029631,-0.40218,0.14439,1
0.20648,0.0057036,-0.11333,0.10876,-0.21794,-0.1728,0.067435,-0.024046,-0.16248,-0.0083021,0.19516,-0.27245,0.090664,-0.2642,-0.069983,-0.17779,-0.10803,0.10483,-0.15408,0.039158,-0.023069,0.30707,0.0075856,0.16152,-0.067864,0.15413,-0.069757,0.017341,0.046018,-0.017228,-0.031574,-0.041042,-0.0061062,0.40571,0.045302,-0.012849,0.0027972,-0.35378,-0.31647,0.0040257,0.11928,0.17163,-0.14803,-0.071991,-0.11614,0.065519,-0.0865,-0.15989,0.12406,0.075426,0.049646,-0.11863,-0.21786,0.087453,0.034045,-0.085979,0.050955,-0.18954,-0.13743,0.082595,-0.22001,-0.19578,0.037032,0.067354,0.068746,-0.0029062,-0.056801,9.308e-05,0.12195,-0.20399,-0.3965,-0.023432,-0.18234,0.097287,0.11471,-0.14803,0.096119,-0.1125,0.14426,0.029798,0.19238,0.087833,0.10774,0.068911,0.18064,0.0055267,-0.12772,0.059758,0.035757,0.43195,-0.2073,0.021989,-0.27905,0.022354,0.011207,-0.126,0.20383,0.039201,-0.20265,0.018384,1
0.025662,-0.19827,-0.11258,-0.21527,0.34232,0.040492,-0.053964,-0.11867,-0.0084016,0.10386,-0.1352,-0.1684,0.062871,0.071319,-0.062761,-0.044514,-0.20453,-0.20728,0.026015,0.28362,-0.038011,-0.0090038,0.077997,-0.20046,0.13581,0.060186,-0.15669,0.16969,-0.14441,0.038468,-0.033184,0.1267,-0.049476,-0.052726,-0.22788,0.13417,-0.057427,0.078829,-0.053607,0.055027,0.26905,0.079723,0.015201,0.40425,-0.27883,-0.15675,0.10716,0.1762,0.053158,0.16458,0.03295,0.098381,0.017416,-0.049906,0.13489,0.1649,0.12369,-0.029262,-0.24513,0.096955,-0.3343,0.10029,0.16245,0.054601,-0.013103,0.13158,0.034884,-0.08356,-0.045791,-0.24642,-0.0027908,0.27007,0.020403,0.10452,-0.096365,0.028765,0.062526,-0.24569,0.076072,-0.030821,-0.1497,0.025656,0.11817,-0.17391,-0.1639,-0.23673,-0.018135,0.001423,0.031502,0.14861,0.41407,0.10607,-0.023254,-0.074037,-0.070724,0.35324,0.22052,-0.027363,0.039839,0.11688,1
0.15041,0.11398,-0.11396,0.085181,0.013279,0.096812,0.0049178,0.071119,-0.19492,0.38403,0.064844,0.094392,-0.10303,-0.12257,-0.020286,-0.13673,0.21061,0.027046,-0.077714,-0.0085407,0.080668,-0.052146,-0.066675,-0.044511,-0.094194,-0.069878,0.099479,-0.058122,0.12518,0.32489,0.017826,0.026532,0.20551,-0.038439,-0.0020294,0.12152,-0.20607,0.38153,0.076293,0.044023,-0.065666,-0.15872,-0.19756,-0.22174,-0.077343,-0.0027248,-0.21696,-0.091,-0.067427,-0.14245,-0.044367,0.10302,-0.075115,-0.061103,-0.068777,0.12373,-0.0087968,-0.10985,0.3014,-0.057521,-0.085383,-0.012776,0.095817,0.13136,0.18269,0.10163,0.39617,0.089548,0.25853,0.066558,0.24781,-0.13247,-0.042113,-0.032722,0.11006,-0.14971,0.047281,0.21462,0.068654,-0.14815,0.36482,-0.0068629,-0.060472,0.070167,0.037497,0.10512,-0.059235,-0.27565,0.027076,0.16316,0.2212,0.38414,-0.043945,-0.10874,0.11047,-0.1363,-0.087647,0.15608,0.017495,-0.27218,1
-0.23394,-0.84042,-0.10298,-0.42909,0.95143,0.49121,-0.30674,-0.64946,-0.95932,-0.17397,-1.0252,0.36819,0.29887,-0.17255,0.042044,0.76421,0.081784,-0.29482,-0.41238,0.29709,0.15721,0.020679,0.50009,-0.15719,-0.0011529,-0.31727,-0.18125,0.49404,0.54472,-0.32702,0.011301,-0.36307,0.40836,-0.29135,0.34086,-0.64894,-0.018633,-0.28803,-0.39649,0.21002,-0.66169,-0.35108,0.68719,-0.23871,-0.13442,-0.22127,0.32428,0.58763,-0.0666,-0.89721,0.23763,-0.16609,0.33035,0.18138,0.67451,0.1373,0.47086,-0.58677,0.10819,0.83346,0.29758,-0.48958,0.14639,-1.4177,-0.65835,-0.92716,0.30808,-0.49277,-0.47566,0.12985,-0.19409,-0.20012,-0.25863,-0.028888,-0.12032,0.69783,0.32246,0.35863,0.056263,0.49477,0.22027,-0.83003,-0.40232,-0.13952,-0.51135,0.18786,-1.1384,-0.06988,-0.05716,-0.46503,-0.25893,0.59994,-0.32898,0.27847,-0.21671,-0.083338,-0.033621,0.11761,-0.41108,-0.67413,2
0.033213,-0.65495,-0.56174,-0.41208,1.0317,0.55925,-0.34844,-0.33863,-0.75015,0.35345,-1.014,0.43893,0.36971,-0.41974,-0.27133,0.50503,-0.32385,-0.11845,-0.24207,0.42746,0.23159,0.38734,0.31852,-0.24454,0.29342,0.071686,0.40941,0.69412,0.48287,-0.56041,-0.21362,-0.68775,0.39413,0.32952,0.47528,-0.50159,-0.045198,-0.33012,-0.11919,0.29911,-0.13868,-0.24454,0.44175,0.062169,-0.29216,-0.3284,0.040285,-0.13427,-0.19041,-0.62617,0.48245,-0.32169,0.66993,0.43638,0.72533,0.11702,0.076752,-0.58653,0.40997,0.36455,-0.54887,0.052365,-0.069105,-1.2996,-0.5461,-0.87117,0.20871,-0.84048,-0.16828,0.27677,0.26349,-0.23975,-0.5075,-0.25268,0.1362,0.70011,0.58381,0.090076,-0.0024658,0.6352,-0.22309,-0.60188,-0.48807,-0.10387,-0.712,0.1968,-1.5612,0.33221,0.21872,-0.32277,-0.015036,0.39047,-0.093699,0.4642,-0.2151,0.0032463,-0.20464,0.15801,0.019131,-0.80911,2
0.081706,-0.75009,0.067201,-0.36846,0.52928,0.21558,0.00084737,-0.5681,-0.56322,0.22721,-0.73848,0.49683,0.18815,-0.067705,-0.32959,0.74373,-0.44764,-0.23131,-0.34212,0.34379,0.14957,0.78392,0.11712,-0.3089,-0.010707,-0.15456,0.14347,0.047214,0.4553,-0.55605,0.095767,-0.63649,0.55042,-0.47583,0.48224,-0.17774,-0.12731,-0.43489,-0.82125,0.47506,-0.20045,0.077233,0.41513,-0.31619,-0.21168,-0.26534,0.24953,0.16442,0.077318,-0.71959,0.09193,0.038846,0.4906,0.2503,0.65403,-0.027923,-0.1278,-0.50078,-0.20624,0.62132,0.29073,-0.059119,-0.26036,-1.0566,-0.59605,-0.70177,-0.14266,-0.88456,-0.032883,0.12535,-0.056563,0.16469,-0.46104,0.0056718,0.0051703,0.051765,0.48486,0.3505,0.1197,0.6123,0.038958,-0.53815,-0.54807,-0.33864,-0.5403,0.0029691,-1.3487,-0.3308,-0.39373,0.14478,-0.24455,0.71676,0.057111,0.30132,-0.041153,-0.14401,0.16611,-0.31561,-0.027231,-0.76326,2
0.10403,-0.8883,-0.12068,-0.32084,0.75786,0.34385,0.15763,-0.57566,-1.0255,0.37147,-0.65877,0.35966,0.11527,-0.34196,-0.044735,0.16049,-0.24242,-0.41176,-0.76153,0.7442,0.24853,0.55495,0.17839,-0.55956,0.2386,-0.30955,0.030065,0.19567,1.1499,-0.67662,0.035046,-0.34598,0.26793,-0.36502,0.58532,-0.38645,3.6417e-05,-0.3832,-0.27567,0.060507,-0.49148,0.31494,0.73003,-0.23215,-0.11387,-0.14257,0.21647,0.3008,-0.27489,-0.72759,0.43485,-0.3474,0.45056,0.39179,0.54875,-0.29449,0.51516,-0.55934,-0.020643,0.56574,0.11259,-0.12525,0.24551,-1.3193,-0.42925,-0.89218,0.12416,-0.70246,-0.00039455,0.24672,0.557,-0.35938,-0.3424,-0.025736,0.32823,0.5106,0.2768,0.2067,0.050124,0.53349,0.022473,-0.63659,-0.51545,-0.056164,-0.5932,-0.04847,-1.0087,-0.25762,-0.15631,-0.063256,-0.35728,0.71737,-0.17261,0.19037,0.10484,0.51208,0.24189,0.2511,-0.13675,-0.72455,2
-0.10859,-0.77771,-0.54338,-0.51703,0.8707,0.69834,-0.23832,-0.32258,-0.47855,0.080148,-0.7261,-0.056566,0.29575,0.048333,-0.29171,0.5122,0.11441,-0.4773,-0.69681,0.60176,0.31215,0.22331,-0.095212,-0.35763,-0.24025,-0.62127,0.40449,0.10567,0.5919,-0.13144,-0.22875,-0.63209,0.48004,0.37695,0.6482,0.17825,-0.17021,-0.33345,-0.31128,0.34253,-0.5988,0.22253,0.82262,-0.24958,-0.14483,-0.46839,0.037458,0.47884,0.040696,-1.1093,0.24108,-0.17151,0.62379,0.67476,0.55855,-0.021698,0.027647,-0.7194,0.021755,0.36986,0.019511,-0.38719,-0.21151,-1.1122,-0.083631,-0.60182,-0.047269,-0.52527,-0.27953,0.51944,0.10016,0.067187,-0.47107,-0.18295,0.20471,0.48032,0.088353,0.13568,-0.23053,0.60515,-0.20308,-0.72071,-0.55982,-0.12163,-0.60204,-0.068486,-0.96735,-0.16358,-0.1115,-0.18007,-0.39055,0.95477,0.067963,0.57019,-0.44918,0.13093,0.2723,0.26328,0.38417,-0.66096,2
0.072852,-0.96165,-0.13413,-0.25242,0.68268,0.090425,-0.067179,-0.58338,-0.75823,0.14547,-1.2659,-0.032866,0.57805,-0.20165,-0.23652,0.19439,-0.061317,-0.48056,-0.3675,0.79386,-0.19351,0.75403,0.073708,-0.40751,0.045691,-0.44284,0.39146,0.07706,0.7823,-0.3279,-0.27586,-0.4789,0.65239,-0.19859,0.63264,-0.242,-0.35751,-0.16362,-0.12533,0.30332,-0.16801,-0.35445,0.5697,-0.30475,-0.59699,-0.20604,0.23592,0.12006,-0.050713,-0.70396,0.55761,0.12722,0.46713,0.46891,0.36452,-0.099573,-0.029119,-0.64953,0.31508,0.36301,-0.24022,-0.11104,0.014577,-1.2938,-0.54109,-0.64029,-0.22475,-0.36121,-0.0020067,0.3532,-0.036331,-0.43735,-0.33958,-0.27415,0.14929,0.50893,0.49439,0.2906,0.27999,0.69494,0.089166,-0.81682,-0.21678,-0.1636,-0.59775,0.39621,-1.103,-0.012517,0.21397,-0.17119,0.0028893,0.60912,-0.14234,0.82641,0.22625,0.015291,0.14243,0.62771,0.44107,-0.61411,2
-0.062574,-0.75474,-0.38961,-0.3489,0.88638,0.27477,0.26359,-0.81675,-0.96936,0.087606,-0.6162,0.35336,0.39005,-0.2055,-0.4541,0.454,-0.32151,-0.59755,-0.50717,0.63321,0.30845,0.27766,0.48231,-0.09835,0.10261,-0.17574,0.079295,-0.24616,0.64541,-0.19315,-0.27866,-0.081964,0.46943,0.34046,0.33477,-0.20241,-0.1923,-0.40894,-0.2837,0.45119,-0.2349,-0.22063,0.313,0.087505,0.38588,-0.027354,0.24907,0.38957,-0.32328,-0.6137,0.38934,-0.26036,0.048619,0.46914,0.62923,-0.15906,-0.048393,-0.48384,0.24815,0.45505,0.053091,-0.31714,0.099845,-1.0865,-0.5151,-0.36722,0.60751,-1.1037,-0.023273,0.4892,0.39714,-0.22666,-0.35372,0.2644,-0.57366,0.50819,0.52744,0.33333,-0.10292,0.5645,-0.033841,-0.86007,-0.11506,-0.44285,-0.46363,-0.046088,-1.228,0.15784,0.083911,-0.18339,-0.29464,0.6911,0.27878,0.77979,-0.21283,0.141,-0.10007,0.14433,0.40354,-0.53901,2
-0.77891,-0.61569,-0.14457,0.16144,0.95869,0.21717,0.072003,-0.67124,-0.86316,0.26332,-0.50078,0.35036,0.41392,-0.10081,-0.52132,0.40974,-0.33199,-0.37362,-0.52784,0.34002,0.29952,0.30606,0.50028,-0.29166,0.061317,-0.33686,0.35774,0.20286,0.68175,-0.38246,-0.12171,-0.19824,0.50976,0.36999,0.77257,-0.56221,-0.45137,-0.57729,0.097663,0.45322,-0.11271,0.01389,0.4066,-0.16482,-0.13799,-0.16167,0.11495,0.31382,0.26518,-0.53299,0.49569,-0.30356,0.093502,0.086928,0.65031,0.052996,-0.25923,-0.68808,0.16274,0.5898,-0.10739,-0.014277,-0.11617,-1.6022,-0.43299,-0.76819,0.17917,-0.66949,-0.19984,0.50784,-0.00040201,-0.26752,-0.47919,-0.47925,0.058697,0.45139,0.61595,0.42846,-0.12699,0.38801,0.17678,-0.6402,-0.4733,-0.036794,-0.32889,0.18056,-1.1271,0.2449,-0.21789,0.092244,-0.29176,0.77782,-0.1015,0.54851,-0.25175,0.74614,-0.23798,0.096281,0.22369,-0.8632,2
-0.34192,-1.039,-0.43595,-0.51981,0.26889,0.64584,-0.53098,-0.36198,-0.69192,0.16278,-0.74057,0.18246,0.48792,0.19534,-0.3373,0.53026,-0.15292,-0.054078,-0.4238,0.48823,0.0044748,0.16771,0.099219,-0.24239,0.32806,-0.48456,0.15211,-0.19626,0.68847,-0.17247,0.30498,-0.41296,0.44981,-0.11672,0.71723,-0.064339,-0.22175,-0.65457,-0.61744,0.31346,-0.40477,-0.38203,0.30236,-0.042597,-0.026447,-0.033945,0.11825,0.47035,-0.25256,-0.58536,0.32235,-0.25653,0.48995,0.36802,0.42431,-0.31586,-0.047139,-0.47565,0.063143,0.53269,0.16463,-0.24964,0.065197,-1.0597,-0.12406,-0.84131,0.066512,-0.64269,-0.19359,0.31137,-0.01756,-0.39734,-0.29901,-0.23542,-0.051567,0.42688,0.25426,0.14934,-0.18677,0.59716,-0.45275,-0.47474,-0.74467,-0.47848,-0.20829,0.071659,-0.83476,-0.14228,0.35164,-0.34999,-0.24964,0.44794,0.13129,0.54743,0.024468,0.22956,-0.063418,0.21305,-0.36516,-0.41742,2
0.18505,-0.77444,-0.56072,-0.25664,1.1073,0.23945,0.10936,-0.6422,-1.1665,0.5995,-0.76114,0.43739,0.49535,-0.22325,-0.1663,0.48316,-0.32314,-0.068487,-0.74956,0.49803,-0.047893,0.080067,0.0080656,-0.093347,0.070555,0.11047,0.31923,0.14309,0.57595,-0.18653,0.16607,-0.071769,0.63952,0.080109,0.53869,-0.1589,0.18866,-0.45033,-0.52634,0.60814,-0.24878,0.098594,0.65232,-0.41589,0.20347,-0.01867,0.5249,0.025903,-0.16064,-0.74898,0.31048,-0.017923,0.43963,0.33415,0.51911,0.1256,-0.13518,-0.41175,-0.39413,0.49261,0.095353,-0.19774,-0.28961,-1.0516,-0.12632,-0.62749,-0.039076,-0.97867,-0.086056,0.48754,0.1463,-0.10315,-0.29381,-0.031526,0.061541,0.66712,0.30232,0.32075,-0.25612,0.57111,0.037601,-0.75717,-0.71754,-0.34329,-0.47532,0.037419,-0.89636,-0.10187,0.20036,-0.24124,-0.55904,0.65881,-0.24953,0.40521,-0.1502,0.025809,0.21233,0.49212,-0.16438,-0.87762,2
-0.22893,-0.5417,-0.44571,-0.036377,0.73654,0.49655,-0.20816,-0.48497,-1.2406,0.23872,-1.0642,0.25587,0.081453,0.13437,-0.27446,0.19196,-0.033798,-0.52893,-0.42911,0.24921,0.046164,0.23815,0.33835,-0.080595,0.20125,-0.13651,0.18011,0.19023,0.69795,-0.12448,0.0043773,-0.35525,0.76314,0.06227,0.7858,-0.34113,-0.084936,-0.64491,-0.40827,0.2872,-0.28377,-0.20258,0.24956,-0.69352,0.1409,-0.26341,0.38581,0.11527,-0.44497,-0.3408,0.12688,0.015824,0.37486,0.22571,0.68068,0.058084,0.37343,-0.82665,-0.025992,0.69122,-0.074841,-0.038388,-0.14931,-1.3062,-0.41449,-0.60817,-0.059123,-1.0122,-0.17024,0.52562,0.13856,-0.066286,-0.098557,0.029449,-0.42604,0.14448,0.62537,0.10274,-0.04459,0.53438,-0.25963,-0.98153,-0.57438,-0.1317,-0.26119,0.2513,-1.2896,0.45291,-0.24764,-0.48089,0.0084105,0.6077,0.098108,0.1291,-0.2608,0.12926,0.18599,0.31161,0.2597,-0.42646,2
-0.048509,-0.93315,-0.46651,-0.42862,0.51236,0.13081,0.001175,-0.5121,-0.6828,0.12321,-0.73009,0.61682,0.32792,0.18569,-0.44121,0.67037,-0.20908,-0.45967,-0.18829,0.86009,-0.25046,0.11134,0.16787,-0.27939,0.10786,0.31216,0.1088,0.11711,0.65181,-0.22561,0.053793,-0.13356,0.54886,0.032971,0.40273,-0.48059,-0.31693,-0.41419,-0.28525,0.2943,-0.59884,-0.6491,0.54016,-0.15441,0.04104,-0.018734,0.2319,0.17535,-0.19225,-0.71935,0.10064,-0.17548,0.27346,0.58061,0.49813,-0.34761,0.0021023,-0.92891,-0.10136,0.51326,0.1532,-0.26364,-0.078472,-1.2054,-0.72765,-1.0789,0.021181,-0.56591,-0.31549,0.1047,-0.033129,0.36516,-0.21707,0.070368,0.15947,0.48393,0.018514,0.3559,0.031058,0.67152,-0.13967,-0.42176,-0.36776,-0.42194,-0.35078,0.36729,-1.2997,0.31127,-0.10847,-0.19032,-0.30535,0.98178,0.18973,0.27673,-0.092551,0.29465,0.42448,0.16454,-0.050484,-0.63548,2
0.039059,-0.92996,-0.57026,-0.022765,0.5887,0.71809,0.075273,-0.128,-0.99982,0.33805,-0.44786,0.21292,0.06293,0.116,-0.2744,0.58465,-0.3369,-0.26982,-0.60832,0.48952,0.13631,0.077267,0.58067,-0.17416,-0.01313,-0.28516,0.27668,0.39281,0.56761,0.11856,-0.17031,-0.01526,0.6498,-0.090555,0.43281,-0.40004,0.029426,-0.4505,-0.41275,0.33595,-0.19953,-0.27777,0.70615,-0.12708,-0.21128,0.088978,-0.033876,0.12565,-0.22713,-0.8743,0.61404,-0.084369,0.30807,-0.029673,0.41716,-0.24359,0.18944,-0.7662,0.095702,0.47593,-0.056103,-0.18295,-0.14647,-1.3389,-0.42304,-0.92428,0.22069,-0.83133,-0.1877,0.15736,-0.043268,-0.56022,-0.22302,-0.20443,0.35545,0.055922,0.86564,0.12392,-0.18708,0.74343,-0.14722,-0.5998,-0.2317,0.39849,-0.11074,0.14063,-0.82813,0.15679,-0.25623,-0.29621,-0.35364,0.79175,0.17635,0.41419,-0.31453,-0.0075001,0.35155,0.45706,0.35201,-0.60402,2
-6.9662e-05,-0.59437,-0.19273,-0.41133,0.92498,0.22954,-0.47373,-0.4754,-0.58974,0.43026,-0.95309,0.012558,0.34428,-0.070106,-0.072071,0.098223,-0.30632,-0.7224,-0.07016,0.25471,-0.038043,0.062554,0.22356,0.020127,0.15151,-0.28723,-0.084735,0.33985,0.35702,-0.035708,-0.42427,-0.5189,0.48463,0.23453,0.55611,-0.13996,-0.26973,-0.35668,-0.86666,-0.060465,-0.17209,-0.27668,0.59105,0.20661,0.10558,-0.13625,-0.037431,0.040547,0.08118,-0.61892,0.20183,-0.11924,0.1001,0.35111,0.73948,-0.20724,-0.12744,-1.0476,-0.083176,0.47567,-0.00117,-0.46093,0.18111,-1.216,-0.65813,-0.6175,0.088178,-0.67248,-0.37472,0.047757,0.17974,0.005337,-0.55036,0.063683,-0.45987,0.65596,0.56113,0.17998,-0.1701,0.74052,-0.062755,-0.45468,-0.52259,-0.28582,-0.53311,0.095047,-1.2034,-0.13044,0.15397,-0.25125,-0.2093,0.55993,-0.036949,0.19499,-0.24244,0.1743,0.0087642,0.28967,0.28466,-0.91499,2
-0.11359,-1.0462,-0.054482,-0.40928,0.78058,0.14763,-0.094332,-0.80531,-0.48747,0.13806,-1.0623,0.43586,0.22613,-0.28792,-0.16309,0.62126,-0.11903,-0.33783,-0.28568,0.41636,0.01839,0.18186,0.20367,-0.052629,0.49438,-0.28887,0.054203,0.023985,0.22259,-0.47552,-0.26636,-0.54126,0.55128,0.021751,0.62864,-0.13027,-0.43641,-0.44697,-0.55886,0.5902,-0.41464,-0.14469,0.70977,0.12845,-0.58928,-0.43778,0.098942,0.48532,-0.09619,-0.32958,0.47531,0.028002,0.47024,0.46018,0.98535,0.45876,0.25735,-0.34642,0.32479,0.35706,-0.10211,-0.33146,0.47706,-1.2118,-0.39193,-0.58835,0.17528,-0.43291,-0.033264,0.36076,0.20907,-0.068803,-0.18853,0.16649,0.21273,0.68406,0.40046,0.40434,-0.10604,0.48332,-0.32755,-0.65242,-0.3411,-0.069649,-0.74054,0.32481,-1.1403,0.17498,-0.15287,0.047478,-0.08401,0.78819,-0.20434,0.33492,-0.17384,-0.13197,-0.23456,0.36161,-0.092524,-0.878,2
-0.16739,-1.0878,-0.4647,-0.4075,0.63217,0.5514,-0.26252,-0.063483,-0.81122,0.46245,-0.87915,0.40197,0.20491,0.27192,-0.1095,0.41931,-0.24423,-0.26519,-0.5655,0.41316,-0.0042072,0.18189,0.10429,-0.25078,0.47319,0.015544,0.057596,0.089846,0.040774,-0.26292,0.11149,-0.52507,0.49615,-0.34716,0.14338,-0.47406,-0.21758,-0.72513,-0.069357,0.49522,-0.57568,-0.052345,0.52117,-0.056995,-0.68331,-0.29838,0.088242,0.65355,0.0032072,-0.44173,0.36732,-0.070685,0.43301,0.3713,0.63172,0.18508,-0.076576,-0.92626,-0.17914,0.47467,-0.34176,0.067653,-0.30538,-0.90007,-0.65886,-0.78041,0.55032,-0.95669,-0.30673,0.19791,0.21367,-0.21753,-0.52777,-0.064869,0.22825,0.13833,0.61152,0.37549,0.16817,0.7291,0.033134,-0.9724,-0.77153,-0.3881,-0.66227,-0.06694,-1.215,-0.1345,0.12111,-0.1052,-0.41773,0.62311,-0.12939,0.76142,-0.18222,0.084539,-0.093332,0.07068,-0.080941,-0.67609,2
0.060395,-0.99318,-0.42793,-0.46826,0.65358,0.31055,0.22812,-0.62478,-0.51586,0.48123,-0.67419,0.17768,0.82453,-0.13631,-0.42843,0.72095,-0.018585,-0.69289,-0.17979,0.3532,0.022118,0.33508,0.22569,-0.075569,0.53062,-0.25552,0.27372,-0.11639,0.57906,-0.57308,-0.064507,-0.40468,0.4003,0.05525,0.36673,-0.2545,-0.8566,-0.3394,-0.35472,0.41697,-0.32076,-0.15765,0.26577,-0.20605,-0.26771,-0.51006,0.24783,0.51941,-0.37951,-0.82228,0.038384,0.042622,0.30032,0.0012527,0.32718,0.26659,-0.024813,-0.83349,0.45272,0.48677,0.15982,-0.18682,0.049838,-1.3572,-0.095436,-0.84685,0.38969,-0.90717,-0.015432,0.2885,0.2283,-0.29852,-0.48549,-0.19212,-0.061957,0.054683,0.51103,0.27026,-0.39496,0.68461,-0.036144,-0.61561,-0.27451,-0.017566,-0.70298,0.18573,-1.0349,-0.083482,-0.17407,-0.21434,-0.33566,0.53493,-0.075476,0.15533,-0.15802,-0.183,-0.29059,0.36509,0.017454,-1.0945,2
-0.31542,-1.0061,-0.062108,-0.22946,0.83264,0.30307,-0.36014,-0.48074,-0.76688,0.30835,-0.82203,0.30769,0.44829,-0.029433,0.15258,0.57023,0.17495,-0.47956,-0.41893,0.5632,0.050398,0.047595,0.59009,-0.34287,0.052096,0.26199,0.071527,0.04039,0.45445,0.038496,-0.15659,0.097281,0.35424,-0.24405,0.53788,-0.21342,-0.52326,-0.71213,-0.35626,0.5111,-0.31403,0.043153,0.46421,0.16996,-0.07461,-0.36258,-0.025959,0.5517,-0.17365,-0.67611,0.29924,0.22505,0.76035,0.73324,0.43099,-0.14087,0.3108,-0.30224,-0.10611,0.14936,-0.18375,-0.00094698,0.08148,-0.99789,-0.54263,-0.52448,0.07916,-0.67667,-0.38433,0.18449,0.054201,-0.072391,-0.29862,-0.30305,0.34024,0.21216,0.74683,0.15557,-0.11361,0.33953,-0.021666,-0.66578,-0.22754,-0.03198,-0.41467,0.16926,-1.0282,-0.079776,0.029128,-0.53673,-0.14893,0.6733,0.22127,0.76404,-0.14771,0.21955,-0.11094,0.19478,0.40819,-0.77019,2
0.045669,-1.121,-0.47861,-0.2585,0.82636,0.55873,-0.033106,-0.54375,-1.2066,0.18044,-0.73639,0.25898,0.33508,0.24252,-0.2813,0.51961,-0.15867,-0.45185,-0.49279,0.54109,0.21391,0.42385,0.33564,0.040035,-0.2167,-0.12495,0.2489,0.078287,0.58521,0.21282,-0.011417,-0.52979,0.56356,0.035197,0.48893,-0.12538,-0.25918,-0.6742,-0.14466,0.27846,-0.31684,0.14894,0.36011,0.18746,0.14052,-0.57323,0.13171,0.52325,0.02346,-0.5954,0.063851,-0.23029,0.22282,0.24217,0.80768,-0.18873,0.1164,-0.51694,0.30812,0.46975,-0.033916,-0.14048,-0.41121,-1.832,-0.22428,-0.66391,0.15445,-0.89086,-0.12003,0.40474,-0.05318,0.1395,-0.72392,-0.15223,0.0026366,0.53141,0.5656,-0.029206,-0.18181,0.86963,-0.00092717,-1.021,-0.44363,-0.70332,-0.44864,0.040809,-1.1628,-0.39224,-0.22567,0.0077185,-0.35958,0.94542,-0.11321,0.57198,-0.21283,0.20437,-0.087589,0.24322,-0.090804,-0.29481,2
0.33812,-0.46424,-0.11082,-0.15992,0.65701,0.52297,-0.11653,-0.40622,-0.57055,0.19089,-0.76159,0.03424,0.25866,-0.0091149,0.32443,0.35929,-0.088903,-0.31935,-0.69316,0.11978,-0.015102,0.31657,0.55872,-0.17021,0.23948,-0.12857,0.29362,0.37577,0.41352,-0.22977,-0.13938,-0.45854,0.49485,-0.59126,0.3608,-0.41974,-0.48109,-0.62492,-0.42688,0.35558,-0.72706,-0.14556,0.37828,-0.095913,-0.071525,-0.6895,0.11255,0.35725,-0.23012,-0.94039,0.16502,-0.53393,0.49706,0.16805,0.30772,-0.046167,0.013846,-0.79561,0.45411,0.8762,-0.072666,-0.019761,-0.069956,-1.2183,-0.40238,-0.60813,-0.051046,-0.69275,-0.70988,0.47423,0.21927,-0.35081,-0.4995,-0.065173,-0.11,0.31586,0.30192,0.53018,0.20976,0.95653,0.15119,-0.58844,-0.45045,-0.30062,-0.48238,0.032948,-1.1007,0.01093,0.21098,-0.16561,-0.58432,0.5564,-0.25486,0.25142,-0.44614,0.60581,0.025144,0.41009,0.0020164,-1.008,2
0.13829,-0.68317,-0.13784,-0.16104,0.56033,0.13103,0.22976,-0.47247,-0.82405,0.44895,-1.0496,0.17407,0.18011,-0.14682,-0.26014,0.50574,-0.22127,-0.20171,-0.30272,0.67529,-0.025916,0.0035307,-0.051999,-0.20677,0.11966,-0.25631,0.029837,-0.075697,0.097957,-0.60517,-0.26703,-0.45817,0.43121,-0.12069,0.46637,-0.068412,-0.071553,-0.49792,-0.14121,0.66488,-0.34331,0.077982,0.28688,-0.046161,0.20415,-0.30103,0.154,0.16081,0.34696,-1.1306,0.20373,-0.23307,0.4095,0.42392,0.59961,-0.37733,-0.0026219,-0.44421,0.42437,0.22189,0.049201,-0.37123,0.0011435,-1.4753,-0.21646,-0.96071,0.45703,-0.9673,-0.14454,0.88821,0.22209,-0.34653,-0.52837,-0.31958,-0.20324,0.59236,0.73517,0.27709,0.18533,0.68586,-0.15863,-0.77656,-0.069439,-0.32087,-0.12604,-0.11229,-0.93013,0.033318,-0.056346,-0.031849,-0.41191,0.72856,-0.16339,0.3522,0.038122,0.38894,0.075944,0.20565,0.24687,-0.37874,3
-0.091043,-0.83655,0.00067781,-0.13188,0.65111,-0.023318,-0.15917,-0.31285,-0.83118,0.037927,-1.0964,0.24301,0.53827,0.18081,-0.32252,0.11395,-0.52748,-0.31895,-0.26233,0.44273,0.26405,0.41075,-0.089427,-0.081183,0.38084,-0.042456,0.096298,-0.064417,0.50304,-0.15645,0.053344,-0.50638,0.81993,0.03573,0.41493,-0.066898,-0.4582,-0.57095,-0.26291,0.8393,-0.41099,-0.047792,0.42738,-0.14528,-0.096184,-0.46557,0.1751,0.4805,-0.17218,-0.8095,0.26643,-0.50087,0.32651,0.57967,0.53363,0.31371,0.046073,-0.12785,-0.22014,0.51744,-0.26971,-0.078676,0.26376,-1.1992,-0.36737,-0.67841,-0.015589,-1.0501,-0.17719,0.097594,0.075698,-0.25077,-0.52138,-0.25023,-0.30833,0.24105,0.84886,0.13773,0.30399,0.42884,0.024008,-0.50786,-0.56346,-0.41415,-0.37171,0.19723,-0.80581,0.32458,0.024029,-0.28167,-0.33396,0.25513,0.3479,0.43172,-0.39727,0.17946,-0.122,0.065947,-0.18212,-0.66447,3
0.19481,-0.57929,0.038287,-0.058803,0.97952,0.42163,0.19482,-0.36627,-0.91375,0.49682,-0.853,0.27611,0.62954,-0.46322,-0.64053,0.61667,-0.11572,-0.70716,-0.48118,0.28328,-0.080885,0.36565,0.23526,-0.1042,0.26105,-0.19405,0.28192,0.13813,0.57392,-0.29765,-0.18004,-0.30794,0.42684,-0.12053,0.72066,-0.24095,0.29277,-0.28743,-0.084742,0.30555,-0.09642,-0.32512,0.67965,-0.19551,0.015467,-0.38727,0.36943,0.49555,-0.018743,-0.58962,0.10487,-0.38387,0.34545,0.15386,0.75361,-0.074915,0.093774,-1.0888,0.13227,0.62669,-0.044611,-0.034319,0.24134,-0.96848,-0.46225,-0.6754,0.35168,-0.75231,0.13048,0.077354,0.052969,-0.12455,-0.67818,-0.022055,0.27455,0.47361,0.78659,0.61301,-0.16624,0.61809,0.028255,-1.1367,-0.28803,0.18283,-0.4581,0.083852,-0.88829,0.05349,0.11703,-0.18117,-0.38187,0.43268,-0.04779,0.50062,-0.5737,0.037635,0.19202,-0.16697,-0.076947,-0.63478,3
-0.29991,-0.67531,-0.0030773,-0.2722,0.68382,0.40878,0.062102,-0.49397,-0.99419,0.16355,-0.80023,0.66371,0.76082,-0.21226,-0.1049,0.47799,0.10559,-0.5359,-0.17734,0.255,0.058494,0.42577,0.072987,-0.16774,0.36616,-0.10927,-0.21275,0.18739,0.45111,-0.46638,-0.60435,-0.20768,0.79914,0.092099,0.30144,-0.38023,-0.55803,-0.52703,-0.38303,0.30975,0.085043,-0.23363,0.71158,0.17851,0.11941,-0.18503,0.046243,0.47828,-0.17167,-0.6271,0.50286,0.17275,0.2779,0.27241,0.35223,0.21719,0.19719,-0.91494,0.031933,0.41839,0.17544,0.076991,-0.28733,-0.96097,-0.31978,-0.84465,0.3229,-0.59659,-0.26249,0.17101,-0.029043,-0.36283,-0.2812,0.0085895,0.1225,0.46719,0.50417,-0.28478,-0.34403,0.24887,0.028811,-0.79884,-0.26466,-0.22835,-0.47097,0.33846,-0.98009,0.023198,0.34408,-0.18099,-0.52079,0.52686,-0.073434,0.42245,-0.2313,0.19703,0.19464,0.76119,0.27837,-0.84156,3
0.4075,-1.0527,-0.43069,-0.12648,1.0034,0.77933,0.057043,-0.51014,-0.78093,0.30399,-0.90288,0.030467,0.20463,-0.17256,-0.17387,0.28126,-0.23201,-0.562,-0.51024,0.21181,-0.17758,-0.079627,0.42427,-0.72106,0.4475,-0.24348,-0.036572,0.3377,0.38028,-0.32117,-0.44972,-0.36585,0.76833,-0.32603,0.53565,-0.27328,-0.26604,-0.045121,-0.59635,0.61388,-0.20671,-0.40854,0.57191,0.042532,-0.35181,-0.31357,-0.1441,0.45337,-0.0088389,-0.51529,0.33531,-0.076475,0.40969,0.29895,0.88693,-0.23549,0.082017,-0.29381,0.31102,0.63085,-0.17598,0.11947,0.11747,-1.2863,-0.16053,-0.17705,0.18132,-0.6116,0.10736,0.27295,-0.19287,-0.26749,0.062248,-0.24655,0.056522,0.20336,0.2653,0.30825,0.06332,0.83586,0.14027,-0.6005,-0.18917,-0.28037,-0.42249,0.24025,-1.1935,0.083179,-0.1148,0.025546,-0.28752,0.72519,0.069836,0.27175,-0.19021,0.2569,0.17308,0.28586,0.3711,-0.76607,3
0.039614,-0.99083,-0.42796,0.035342,0.89762,0.38134,-0.093046,-0.60935,-0.8195,0.091141,-1.2935,0.14771,0.67416,-0.089034,-0.38469,0.37437,0.12855,-0.74555,-0.86836,0.55617,-0.057194,0.26799,0.19493,-0.16526,0.46081,-0.35727,0.098976,0.30872,0.7733,-0.15168,-0.067865,-0.52067,0.16793,-0.21121,0.91193,-0.11532,-0.51717,-0.79121,-0.32102,0.36382,-0.32506,0.16641,0.44724,-0.33294,0.010848,-0.58001,0.2248,0.27976,-0.25635,-0.92399,0.3499,0.1632,0.20389,0.033006,0.41223,-0.44754,0.031566,-0.30396,0.039255,0.312,0.21625,-0.4895,-0.033196,-1.2184,-0.20092,-0.45972,-0.0017474,-0.84836,-0.49651,0.2929,0.1792,-0.016336,-0.43566,-0.56587,-0.18355,0.40188,0.33552,0.44072,-0.11356,0.73399,0.045207,-0.77056,-0.16119,-0.063632,-0.63288,0.22282,-0.74975,0.11179,0.45401,-0.091957,-0.063167,0.77553,-0.031428,0.654,-0.16621,-0.041606,0.20699,0.25685,0.27735,-0.67859,3
0.077554,-0.80767,-0.16759,-0.17289,0.97046,0.45469,-0.1903,-0.52003,-0.72739,-0.45228,-1.0597,0.15054,0.2607,-0.19406,-0.38186,0.49018,0.11562,-0.60917,-0.84443,0.42065,0.0751,0.40828,0.54597,-0.36252,0.015658,-0.2396,0.27963,0.5411,0.40597,-0.37437,0.04749,-0.36853,0.22074,0.1244,0.71919,-0.25962,-0.18315,-0.36251,-0.55596,0.18588,-0.20291,0.058446,0.64057,-0.22707,-0.26733,-0.39257,0.33861,0.38223,0.077762,-0.75653,0.026693,0.16678,0.18873,0.14663,0.60826,-0.10317,0.27185,-0.72126,0.50979,0.78532,-0.06218,-0.13773,0.059152,-1.1992,-0.62664,-0.38582,0.17413,-0.67889,0.10227,0.36326,0.20241,-0.25811,-0.37023,-0.091385,0.48164,0.14579,0.86374,0.29366,0.20927,0.92034,5.6016e-06,-0.78535,-0.20875,-0.37404,-0.51213,-0.19496,-1.1522,-0.28586,0.10092,-0.33661,-0.73269,0.85551,0.011022,0.51208,-0.4823,0.3737,0.15394,0.099692,0.35511,-0.75164,3
0.20567,-0.73519,-0.50977,-0.26776,0.88647,0.5114,-0.12181,-0.44446,-0.88447,0.39263,-0.74867,0.34031,0.46205,-0.14522,-0.038569,0.45148,0.40576,-0.69639,-0.37077,0.45391,0.4468,0.2534,0.52419,-0.40242,0.12377,-0.35225,0.31791,-0.042917,0.21954,-0.42963,-0.11804,-0.33836,0.62088,-0.045942,0.26542,-0.020887,-0.15036,-0.12657,-0.57174,-0.042001,-0.70506,-0.063841,0.45948,-0.41717,0.26318,-0.49382,0.34265,0.24484,0.09081,-0.63044,0.45139,-0.44746,0.62977,0.23822,0.55657,-0.14528,-0.1348,-0.82835,0.19441,0.78551,-0.062148,-0.011924,-0.20426,-1.2521,-0.56595,-0.86471,0.26445,-0.93015,-0.16765,0.093081,0.33125,-0.19231,-0.49277,-0.18874,0.38519,0.15716,0.86486,0.15086,-0.30627,0.81142,-0.17088,-0.22255,-0.34285,-0.15366,-0.5832,0.24481,-1.0889,-0.080768,0.27188,0.19224,-0.48056,0.73743,0.15376,0.74315,-0.13213,0.084218,0.15525,0.57417,0.22257,-0.67627,3
0.22046,-1.0685,-0.21604,0.08105,0.56405,0.084696,-0.083595,-0.3864,-1.027,0.36665,-0.80009,0.076519,0.18702,-0.26732,-0.49144,0.43145,-0.090146,-0.47829,-0.39721,0.41462,-0.12748,0.2841,0.3333,0.032458,0.30252,-0.003813,0.045186,-0.087566,0.75981,-0.63009,-0.1136,-0.38886,0.82667,0.005424,0.65545,-0.20008,-0.3252,-0.36601,-0.080666,0.3981,-0.43963,-0.07748,0.62934,0.20009,-0.2669,-0.10633,-0.24439,-0.10987,0.15495,-0.81337,0.29822,-0.19119,0.30927,0.29114,0.71505,0.17348,-0.10915,-0.5275,0.1787,0.0083045,-0.31135,-0.11602,-0.36912,-1.6379,0.028343,-0.60921,0.089373,-0.58543,0.094633,0.56057,0.11213,-0.095603,-0.099805,-0.055526,-0.25233,0.78944,0.45856,0.56999,0.1522,0.6645,-0.10562,-0.3573,-0.40776,0.047446,-0.19671,-0.011067,-0.72228,0.36487,0.016495,-0.021051,-0.29339,0.68949,-0.13736,0.27805,-0.30007,0.030482,0.099494,0.10478,-0.058248,-0.65213,3
0.068241,-0.61963,-0.056598,0.12961,0.32475,0.22827,0.056232,-0.51105,-0.83766,-0.33736,-0.6133,0.14738,0.56514,0.30954,-0.35488,0.65549,-0.13429,-0.14321,-0.38175,0.53345,0.028254,0.25018,0.13298,-0.14057,-0.04603,0.009438,0.27636,0.19642,0.61798,-0.12872,-0.10887,-0.46188,0.30378,-0.39944,0.67789,-0.56016,-0.39583,-0.68935,-0.49519,0.41351,-0.55376,-0.25438,0.42727,-0.083143,-0.024116,-0.33472,0.28537,0.10988,-0.24835,-0.83235,0.58298,0.038828,0.21604,0.41161,0.33304,0.055311,0.13597,-0.63232,0.025304,0.56467,0.27622,-0.53329,0.23098,-1.2766,-0.35533,-0.68322,0.027038,-1.0006,-0.49523,0.16495,0.24011,-0.16789,-0.27137,0.24539,-0.0053314,0.34128,0.39889,0.12059,0.23616,0.69526,0.16871,-0.90343,-0.35937,-0.12634,-0.66797,0.25668,-1.0919,0.32417,0.31467,0.12128,-0.19826,0.77176,-0.28103,0.54861,-0.58532,0.41058,-0.25917,0.11084,0.55422,-0.59933,3
-0.18867,-0.88036,-0.42764,-0.51975,0.73417,0.39071,-0.16808,-0.51698,-0.85266,0.33989,-0.66783,0.24437,0.17379,0.20408,-0.6578,0.90564,-0.22499,-0.28085,-0.5433,0.23029,0.30713,0.045826,0.47049,-0.52082,0.46229,0.076755,0.14355,0.00018491,0.1813,-0.38475,-0.02882,-0.14644,0.53723,-0.26909,0.43133,-0.39394,-0.49298,-0.40691,-0.26311,0.16703,-0.55259,-0.29324,0.65273,0.05637,0.37386,-0.31218,-0.098213,0.30945,-0.001891,-0.82998,0.43314,-0.33137,0.17543,0.46252,0.65936,-0.212,0.042173,-0.41394,0.25838,0.40041,-0.10609,-0.0095825,-0.33505,-1.1126,-0.68798,-0.89408,0.064223,-0.60855,-0.26351,0.17044,0.11691,-0.10019,-0.39903,0.016329,0.38077,0.24864,0.44284,0.10012,0.17662,1.0341,0.026843,-0.57912,-0.04275,0.080624,-0.57868,-0.031076,-0.76763,-0.034677,-0.27034,0.14908,-0.54755,0.72178,-0.065762,0.69429,-0.15528,0.56397,-0.023265,0.089863,0.43597,-1.1235,3
0.07734,-0.8998,-0.31109,-0.20658,0.32589,0.32124,0.0034731,-0.37478,-0.6386,0.36546,-1.1673,0.49877,0.33858,-0.21225,-0.016204,0.16766,-0.20875,-0.21524,-0.65899,0.48337,-0.13282,0.025419,0.022017,-0.13058,0.39466,-0.1106,-0.14655,0.19477,0.3831,-0.059924,0.035367,-0.22464,0.50859,-0.0037003,0.38429,-0.29411,-0.92868,-0.37741,-0.58488,0.57535,-0.2212,0.14919,0.78748,0.10149,-0.33691,-0.16011,0.19999,-0.095749,-0.04704,-0.56512,0.32045,-0.22213,0.5441,-0.056507,0.52119,-0.067206,0.037894,-0.50775,-0.020714,0.61091,-0.077189,-0.36282,0.4193,-1.2562,-0.51991,-0.89865,0.56946,-0.82349,-0.4277,0.082825,0.19273,0.039717,-0.50347,-0.41712,-0.21482,0.70614,0.49801,0.42107,0.29835,1.1384,0.10993,-0.76745,-0.2122,-0.32921,-0.53849,-0.024732,-1.0202,-0.065156,0.049377,-0.062201,-0.10214,0.67251,-0.13364,0.59185,-0.559,0.060238,0.22764,0.16632,-0.02956,-0.42345,3
0.036358,-0.66962,-0.66016,-0.32329,0.5235,0.47066,-0.27593,-0.29278,-0.90208,0.16457,-0.99122,0.23899,0.68082,-0.1671,-0.18684,0.87802,-0.19726,-0.41058,0.097742,0.43647,-0.08704,0.20055,0.32307,-0.44988,0.13253,-0.15572,0.069305,0.17849,0.58827,-0.28929,-0.31377,-0.51405,0.88546,0.16678,0.44656,-0.23172,-0.53601,-0.33778,-0.14097,0.51006,-0.19422,-0.20275,0.31901,0.43166,-0.16964,-0.0029468,0.26768,0.57222,0.25844,-0.84994,0.67098,0.32811,0.36902,-0.041554,0.31778,-0.072364,-0.046395,-0.98267,-0.27267,0.57949,-0.32649,-0.036598,0.096202,-1.0647,-0.67327,-0.75815,0.10876,-0.92143,-0.30858,-0.072455,-0.020966,0.037208,-0.48651,-0.045813,-0.011577,0.32695,0.68673,0.11446,0.027229,0.45595,0.098667,-0.4379,-0.42897,-0.10293,-0.38908,0.26423,-1.3259,0.062343,-0.1113,0.14743,-0.217,0.56011,0.064914,0.50582,0.15154,0.4481,0.25796,0.53943,0.23589,-0.73423,3
0.044198,-0.57007,0.0098933,0.012006,0.89317,0.12206,-0.086185,-0.28591,-0.66383,0.11256,-0.92388,0.20135,0.066556,-0.041264,-0.13187,0.52341,-0.17639,-0.19702,-0.43345,0.76086,-0.15493,0.39689,0.28959,-0.11603,0.18112,-0.6488,-0.16739,0.20875,0.59526,0.28326,-0.37704,-0.64155,0.86561,0.24154,0.25421,-0.069292,0.024779,-0.33805,-0.099397,0.39736,-0.21768,-0.42885,0.49383,-0.024778,-0.044727,-0.22055,-0.098082,0.31395,-0.20228,-1.2295,0.34444,-0.12547,0.75487,0.50428,0.67017,0.11966,-0.064535,-0.53229,0.031914,0.85857,-0.029277,-0.43993,-0.099437,-1.0516,-0.4314,-0.63701,0.26967,-0.9233,-0.14672,0.21859,0.19045,0.14808,-0.43192,-0.20122,0.039466,0.36136,0.58616,0.1258,-0.10409,0.59407,0.2294,-1.1428,-0.19688,0.0666,-0.3358,0.16363,-1.1132,0.096472,0.083556,-0.18143,-0.61185,0.59262,-0.37126,0.26004,-0.64764,0.14004,0.50595,0.38279,0.020528,-0.42703,3
-0.030868,-0.57388,-0.40141,-0.51465,0.73902,0.50995,-0.030093,-0.65721,-0.60977,0.006804,-1.1938,0.2854,0.33508,0.16253,-0.11089,0.21219,-0.53693,-0.2746,-0.26656,0.29265,-0.13351,0.34979,-0.12992,-0.13803,0.52149,-0.094662,0.3535,0.086667,0.3548,-0.33417,0.023911,-0.59095,0.63809,0.053757,0.36628,-0.059763,-0.3998,-0.65727,-0.34473,0.34759,-0.49541,0.20029,0.33423,-0.025729,0.030542,-0.66679,-0.12588,0.27002,-0.54709,-0.98597,0.70328,-0.2863,0.42194,0.33015,0.61984,0.36763,0.32948,-0.80292,0.40082,0.70675,0.14147,-0.59379,-0.16169,-1.0878,-0.3029,-0.57061,0.090368,-0.87342,-0.0038976,0.51453,0.33447,-0.35541,-0.50207,0.095617,0.16585,0.46673,0.1958,-0.067217,-0.33046,0.80441,0.020215,-0.31192,-0.31741,-0.11636,-0.69961,-0.039061,-1.0278,0.0071671,-0.26192,0.15849,-0.44108,0.82459,-0.021353,0.39545,-0.56013,0.21384,-0.058196,0.59836,0.040412,-0.83522,3
-0.13095,-0.58918,-0.53548,-0.067116,1.0153,0.13293,0.0126,-0.44637,-0.96166,0.50132,-0.78256,0.34138,0.44345,0.086136,0.025205,0.5891,-0.061883,-0.66122,-0.57169,0.45402,0.21604,-0.15921,0.23494,-0.28073,-0.042318,-0.25722,0.010675,-0.13178,0.66791,-0.58618,-0.14971,-0.44186,0.5429,0.28874,0.97072,-0.0084492,-0.037536,-0.31428,-0.38312,0.20621,-0.62385,-0.22482,0.34779,-0.094962,-0.1828,-0.48358,0.19973,0.57747,-0.24162,-0.49317,0.19756,0.15125,0.36254,0.43475,0.51377,-0.099677,-0.12823,-0.80103,0.19737,0.5042,0.026183,0.3717,0.11911,-1.054,-0.26009,-0.82805,0.44968,-0.66719,-0.44076,-0.19497,0.1558,0.34497,-0.15295,-0.060033,-0.0081886,0.57051,0.38818,0.78093,-0.18503,0.71655,0.027199,-0.51321,-0.34032,-0.31952,-0.5089,0.1424,-1.1332,0.28417,0.30057,-0.34926,-0.14153,0.60689,-0.051674,0.38192,-0.38449,0.45814,0.137,0.048904,0.31977,-0.75683,3
-0.034866,-0.81897,-0.48573,0.074471,0.8269,0.32659,-0.043521,-0.47541,-0.85634,0.049856,-0.8817,0.063085,0.023048,0.14352,-0.099049,0.14147,-0.33763,-0.37927,-0.4926,0.37987,0.16052,0.29444,0.10502,0.11711,0.0071832,-0.24406,0.086903,0.13349,-0.014187,0.064974,-0.029154,-0.69269,1.095,0.25504,0.3451,-0.27773,-0.74564,-0.41029,-0.46289,0.57948,-0.70331,-0.24927,0.54802,0.014011,-0.25831,0.063771,-0.14341,0.41975,-0.2635,-0.51315,0.24947,-0.030503,0.55147,0.2359,0.54218,-0.20071,0.057186,-0.80408,0.14476,0.55637,0.022986,-0.36743,-0.17557,-0.88526,0.045412,-0.5613,0.39448,-0.71708,-0.1028,0.081782,-0.094313,-0.1537,-0.47014,0.14725,0.0029981,0.3716,0.88221,0.63004,0.032262,0.4756,-0.24263,-0.48017,-0.42119,-0.47265,-0.33205,0.16188,-1.0318,0.22277,-0.033248,-0.24513,-0.034289,0.62426,-0.30319,0.10641,-0.050821,0.032772,0.28752,-0.060197,0.16161,-0.61129,3
0.16531,-0.61967,-0.56399,0.13121,0.68576,0.42239,-0.36398,-0.34853,-0.80947,0.012915,-0.7566,0.46225,0.36892,-0.046487,-0.19812,0.27695,-0.1626,-0.92347,-0.81107,0.33006,-0.046081,0.2256,0.052156,-0.023601,0.12655,0.21803,0.30495,0.011892,0.50319,-0.29986,-0.24117,-0.052283,0.48948,0.48393,0.40395,0.032096,-0.39782,-0.24438,-0.2325,0.37608,-0.48536,0.26962,0.16391,0.071834,-0.055137,-0.19267,0.18445,0.22387,-0.36878,-0.42842,0.28538,0.14575,0.48746,0.36173,0.8851,0.012609,-0.054593,-0.72661,0.46996,0.58157,0.015767,-0.31639,0.093614,-1.3281,-0.31133,-0.81554,0.057951,-0.87175,-0.34277,0.11922,0.015262,0.1959,-0.51548,-0.22277,-0.33666,0.75619,0.58905,-0.045314,0.050693,0.75351,0.17522,-0.45951,-0.24886,0.038868,-0.36373,0.19762,-0.91191,-0.10371,0.18657,-0.12074,-0.59061,0.358,-0.37281,0.43408,-0.25059,0.246,-0.35572,0.11222,-0.1452,-0.66401,3
-0.0071055,-1.0321,-0.15898,0.012334,1.1617,0.24006,-0.12007,-0.42638,-0.45921,0.33196,-0.70331,0.61845,0.39678,-0.18673,-0.31224,1.0393,-0.30814,-0.25731,-0.68077,0.50365,0.33184,0.331,0.13252,-0.086256,0.097192,0.099741,0.1024,0.2335,0.82228,-0.23166,0.17071,-0.39649,0.3674,0.28541,0.35386,-0.36135,-0.42517,-0.46073,-0.53397,0.66925,-0.52804,-0.094469,0.57399,-0.21333,-0.42609,-0.15487,0.20628,0.29405,0.21038,-0.94853,0.23583,0.046856,0.59495,0.45106,0.48213,-0.0032383,0.11528,-0.32563,0.39075,0.58145,-0.13262,-0.45781,0.024121,-1.3689,-0.34113,-0.84437,0.026863,-0.63605,-0.19618,0.24132,-0.24359,-0.12148,-0.61609,0.31352,0.39927,0.31415,0.90251,0.64447,0.015998,0.63869,0.21414,-0.53786,-0.43725,-0.050893,-0.59792,0.092895,-0.84381,0.16975,-0.1701,-0.27066,-0.2637,0.70669,-0.2041,0.167,-0.098226,0.5216,-0.29272,0.2201,0.038624,-0.81551,3
0.027371,-0.79413,-0.05597,-0.13601,1.2018,0.07179,-0.023324,-0.76831,-0.75466,0.24452,-1.362,0.20104,0.24289,-0.44244,0.01838,0.6311,-0.16444,-0.5221,-0.24186,0.044375,-0.070583,0.20244,0.18388,-0.12253,0.23639,-0.37839,0.055107,0.29002,0.43752,-0.53012,0.14231,-0.093482,0.066898,0.12929,0.49001,-0.20566,-0.28757,-0.65182,-0.45583,0.19837,-0.78788,0.045576,0.5038,-0.14171,0.083861,-0.22019,-0.071695,0.28164,-0.072702,-0.34305,0.39001,-0.18681,0.54918,0.32842,0.7264,-0.17064,-0.14872,-0.583,-0.17752,0.43772,-0.16885,0.24133,-0.051285,-1.1706,-0.63851,-0.87735,0.33936,-0.55327,-0.31205,0.35391,-0.01482,-0.12062,-0.26058,-0.2149,-0.10416,0.16521,0.17888,-0.014657,0.083241,0.5947,0.1248,-0.40714,-0.38929,0.35298,-0.45117,-0.11105,-0.92327,-0.35246,-0.13913,-0.25876,-0.22266,0.65901,0.071033,0.55448,-0.51003,0.43944,0.27163,0.41613,-0.00091516,-0.34986,3
